ბრძანება,მიღების თარიღი,დოკუკმენტი,დოკუმენტის ტიპი,კატეგორია,item_page_link,Document_Date,გადაწყვეტილება,Company_Activity,Complaint_Date,Appeal_Information,Penalty,,,,,,,,,,,,,,,,,,,,,,,,,,,,,,
ბრძანება N 171,მიღების თარიღი: 18 იანვარი 2021,დოკუმენტის #: 171,დოკუმენტის ტიპი: შემოსავლების სამსახურის დავების გადაწყვეტილება,კატეგორია: საგადასახადო/საბაჟო დავა,https://infohub.rs.ge/ka/workspace/document/a185b56e-755f-417c-b1cf-8bc430cd8fe5,08 დეკემბერი 2022,"","საქართველოს საგადასახადო კოდექსის 61-ე მუხლის მე-3 ნაწილის საფუძველზე, საგადასახადო ორგანო უფლებამოსილია პირს დაარიცხოს გადასახადი თავის ხელთ არსებული ინფორმაციის საფუძველზე, თუ პირი მას არ წარუდგენს გადასახადის დასარიცხად საჭირო ინფორმაციას.",,,,,,,,,,,,,,,,,,,,,,,,,,,,,,,,,
ბრძანება N 177,მიღების თარიღი: 18 იანვარი 2021,დოკუმენტის #: 177,დოკუმენტის ტიპი: შემოსავლების სამსახურის დავების გადაწყვეტილება,კატეგორია: საგადასახადო/საბაჟო დავა,https://infohub.rs.ge/ka/workspace/document/20015bb9-b27c-4284-bad2-4da8e9db416a,08 დეკემბერი 2022,"","- შემოწმების მიერ გადამხდელის საგადასახადო ვალდებულებები განსაზღვრულ იქნა არაპირდაპირი მეთოდის გამოყენებით. კერძოდ, ანალოგიური საქმიანობის მქონე საწარმოს ფასნამატი 24.2% გავრცელდა გადამხდელის მიერ საცალოდ რეალიზებულ პროდუქციაზე და შემოწმებით მიღებული/გაუხარჯავი შემოსავალი საქართველოს საგადასახადო კოდექსის 101-ე მუხლის თანახმად განხილულ იქნა დირექტორებზე გაცემულ სარგებლად. შედეგად, საწარმოს დაერიცხა გადასახადი და დაჯარიმდა საქართველოს საგადასახადო კოდექსის 275-ე მუხლის შესაბამისად.",,"საქართველოს საგადასახადო კოდექსის 154-ე მუხლის პირველი ნაწილის „ა“ ქვეპუნქტის თანახმად, გადახდის წყაროსთან გადასახადის დაკავება ევალება საგადასახადო აგენტს, რომელიც არის იურიდიული პირი, საწარმო/ორგანიზაცია ან მეწარმე ფიზიკური პირი, კერძოდ პირი, რომელიც დაქირავებულს უხდის ხელფასს.","სადავო საკითხებთან დაკავშირებით, საგადასახადო შემოწმების აქტის მიხედვით დარიცხვა გამოწვეულია შემდეგი გარემოებებით:",,,,,,,,,,,,,,,,,,,,,,,,,,,,,,
ბრძანება N 193,მიღების თარიღი: 18 იანვარი 2021,დოკუმენტის #: 193,დოკუმენტის ტიპი: შემოსავლების სამსახურის დავების გადაწყვეტილება,კატეგორია: საგადასახადო/საბაჟო დავა,https://infohub.rs.ge/ka/workspace/document/743099ee-1bd7-4155-83dc-f5fcb4ea163d,08 დეკემბერი 2022,"ბრძანება N 19318/01/2021


შპს -----(მის.: ქ. -------)სადავო საკითხთან დაკავშირებით საჩივრის დაკმაყოფილებაზე უარის თქმის შესახებ

შემოსავლების სამსახურმა დავების განხილვის საბჭოს 2020 წლის 17 დეკემბრის სხდომაზე (ოქმი №98) განიხილა შპს ----- ს 2020 წლის 27 აგვისტოს №174250/21 საჩივარი, შემოსავლების სამსახურის აუდიტის დეპარტამენტის 2020 წლის 30 ივლისის №001-174 საგადასახადო მოთხოვნასთან  დაკავშირებით. გადამხდელის პოზიცია:გადამხდელის განმარტებით, იმპორტირებული საქონლის რეალურ მფლობელად მიჩნეული იქნა შპს ----- და მას დაეკისრა საქონელზე დღგ-ის და აქციზის გადახდა. მომჩივანი მიიჩნევს, რომ კომპანია უფლებამოსილია, ჩაითვალოს დღგ იმავე საანგარიშო პერიოდში, როდესაც მოხდა მისი დარიცხვა.
ფაქტობრივი გარემოებები:საქმეში არსებული მასალებით ირკვევა, რომ შემოსავლების სამსახურის აუდიტის დეპარტამენტის 2019 წლის 20 აგვისტოს №29128 ბრძანებების საფუძველზე განხორციელდა შპს ----- ს საქმიანობის კამერალური საგადასახადო შემოწმება ბიუჯეტთან ანგარიშსწორების სისწორის დადგენის მიზნით. შესამოწმებელი პერიოდი განისაზღვრა 2018 წლის 09 აგვისტოდან 2019 წლის 01 აგვისტომდე. შემოწმების შედეგებზე 2020 წლის 14 ივლისს შედგენილ იქნა საგადასახადო შემოწმების აქტი. შემოწმების აქტის საფუძველზე აუდიტის დეპარტამენტმა გამოსცა 2020 წლის 28 ივლისის №21621 ბრძანება და 30 ივლისის №001-174 საგადასახადო მოთხოვნა, რომლის თანახმად, გადამხდელის საგადასახადო ვალდებულება განისაზღვრა სულ 978379 ლარით, მათ შორის: გადასახადი 559567 ლარი, ჯარიმა 264024 ლარი და საურავი 154788 ლარი.
საგადასახადო შემოწმების აქტის თანახმად, სადავო საკითხთან დაკავშირებით დარიცხვა განპირობებულია შემდეგი გარემოებებით: შპს ----- ს, შპს ----- ს და შპს ----- ს ხელმძღვანელი პირების მიმართ საქართველოს ფინანსთა სამინისტროს საგამოძიებო სამსახურის მიერ აღძრულია სისხლის სამართლის საქმე. გამოძიებით დადგინდა, რომ შპს ----- ს დირექტორის მიერ ყალბი საგადასახადო ანგარიშ- ფაქტურების გამოწერის გზით შპს ----- ს ბარათზე აისახა დღგ-ის ჩასათვლელი აქტივების ზედმეტობა. შპს ----- ს დირექტორები შპს ----- ს და ,,-----’-ის’ დირექტორებთან ერთად წინასწარ, ფინანსური სარგებლის უკანონოდ მიღების მიზნით,   შეკავშირდნენ და განიზრახეს ყალბი საბაჟო ინვოისების დამზადების გზით შპს ----- ს მიერ საქართველოს ტერიტორიაზე შემოტანილი ალკოჰოლური სასმელების შპს ----- ს ბალანსზე  ასახვა,  განბაჟებისას კუთვნილი გადასახადების შპს ----- ს პირადი  აღრიცხვის  ბარათზე  არსებული  დღგ-ის  ზედმეტობიდან  ჩამოჭრა და შემდგომში ასევე ყალბი ანგარიშ-ფაქტურების შედგენის გზით შპს ----- ს ბალანსიდან უკვე განბაჟებული პროდუქციის შპს ----- ს ბალანსზე გადაყვანა.   ყალბი ოპერაციების საფუძველზე წარმოქმნილი საკრედიტო დავალიანების დასაფარად შპს ----- ს სალაროდან გაცემული 504996.3 ლარი ჩაითვალა საწარმოს დირექტორებზე გაცემულ ხელფასად იმ საანგარიშო პერიოდებში, როცა საბუღალტრო აღრიცხვის მონაცემების მიხედვით სალაროდან ეს განაცემები ფიქსირდება. გადამხდელს დაერიცხა საშემოსავლო გადასახადი და ჯარიმა საქართველოს საგადასახადო კოდექსის 275-ე მუხლის საფუძველზე.აღწერილი გარემობებისა და იმ ფაქტის გათვალისწინებით, რომ ოპერაცია განხორციელებულია მხოლოდ გადაწერებით, იმპორტირებული საქონლის რეალურ მფლობელად საქართველოს საგადასახადო კოდექსის 73-ე მუხლის მე-9 ნაწილის ,,ბ’’ ქვეპუნქტის საფუძველზე მიჩნეული იქნა შპს ----- , რომლესაც დაეკისრა შპს ----- ს სახელით განბაჟებულ საქონელზე გადახდილი დღგ და აქციზის გადასახადი.
შემოსავლების სამსახურმა განიხილა წარმოდგენილი საჩივარი და მიიჩნია, რომ სადავო საკითხთან დაკავშირებით გადამხდელის მოთხოვნა არ უნდა დაკმაყოფილდეს შემდეგ გარემოებათა გამო:სადავო საკითხთან დაკავშირებით შემოსავლების სამსახური მიუთითებს საქართველოს საგადასახადო კოდექსის 160-ე მუხლის „ბ“ ქვეპუნქტზე, რომლის თანახმად დღგ-ით დაბეგვრის ობიექტია იმპორტი.საქართველოს საგადასახადო კოდექსის 173-ე მუხლის პირველი ნაწილის თანახმად, დღგ-ის ჩათვლა არის დღგ-ის გადამხდელად რეგისტრირებული პირის უფლება, შეიმციროს გადასახდელი დღგ-ის თანხა მიღებული ჩათვლის დოკუმენტების საფუძველზე, გარდა ამ კარით გათვალისწინებული შემთხვევებისა.ამავე მუხლის მე-2 ნაწილის „თ“ ქვეპუნქტის თანახმად, დღგ-ს ჩათვლის დოკუმენტია საგადასახადო ორგანოს გადაწყვეტილების საფუძველზე საქონლის იმპორტთან ან/და საქონლის დროებით შემოტანასთან დაკავშირებით დარიცხული დღგ-ის გადასახადის გადამხდელის მიერ ბიუჯეტში გადახდის დამადასტურებელი დოკუმენტი.ყოველივე ზემოაღნიშნულიდან გამომდინარე და იმ ფაქტის გათვალისწინებით, რომ გადასახადის გადამხდელის მიერ ვერ იქნა წარმოდგენილი დღგ-ის ჩათვლის დამადასტურებელი დოკუმენტები, შემოსავლების სამსახური მიიჩნევს, რომ შემმოწმებლის მიერ გადამხდელის საგადასახადო ვალდებულება განსაზღვრული იქნა კანონმდებლობის შესაბამისად, ხოლო გადამხდელის მოთხოვნა ამ ნაწილში დაუსაბუთებელია და არ უნდა დაკმაყოფილდეს.
საქართველოს საგადასახადო კოდექსის 304-ე მუხლისა საფუძველზე,
ვ ბ რ ძ ა ნ ე ბ :
1. შპს ----- ს 2020 წლის 27 აგვისტოს საჩივარი სადავო საკითხთან დაკავშირებით არ დაკმაყოფილდეს;2. ბრძანების გასაჩივრება შესაძლებელია საქართველოს ფინანსთა სამინისტროსთან არსებულ დავების განხილვის საბჭოში (მის.: ქ. თბილისი, ვახტანგ გორგასლის ქ. №16) ან სასამართლოში (მის.: ქ. თბილისი, დავით აღმაშენებლის ხეივანი №64) საქართველოს საგადასახადო კოდექსის XIV კარით დადგენილი წესის შესაბამისად, ამ გადაწყვეტილების ჩაბარებიდან 20 კალენდარული დღის ვადაში.","ყოველივე ზემოაღნიშნულიდან გამომდინარე და იმ ფაქტის გათვალისწინებით, რომ გადასახადის გადამხდელის მიერ ვერ იქნა წარმოდგენილი დღგ-ის ჩათვლის დამადასტურებელი დოკუმენტები, შემოსავლების სამსახური მიიჩნევს, რომ შემმოწმებლის მიერ გადამხდელის საგადასახადო ვალდებულება განსაზღვრული იქნა კანონმდებლობის შესაბამისად, ხოლო გადამხდელის მოთხოვნა ამ ნაწილში დაუსაბუთებელია და არ უნდა დაკმაყოფილდეს.",დაკმაყოფილებაზე უარის თქმის შესახებ,,,,,,,,,,,,,,,,,,,,,,,,,,,,,,,,
ბრძანება N 194,მიღების თარიღი: 18 იანვარი 2021,დოკუმენტის #: 194,დოკუმენტის ტიპი: შემოსავლების სამსახურის დავების გადაწყვეტილება,კატეგორია: საგადასახადო/საბაჟო დავა,https://infohub.rs.ge/ka/workspace/document/d9c31bda-fed5-4538-97c0-5e012c25852c,08 დეკემბერი 2022,"ბრძანება N 19418/01/2021


სს ----- (იურ. მის.: ქ. ------- )სადავო საკითხთან დაკავშირებით საჩივრებისდაკმაყოფილებაზე უარის თქმის თაობაზე

შემოსავლების სამსახურმა დავების განხილვის საბჭოს 2020 წლის 17 დეკემბერს გამართულ სხდომაზე (ოქმი №98) განიხილა სს ----- ს 2020 წლის 11 სექტემბრის №186048/21 და №53299/1/2020  საჩივრები, შემოსავლების სამსახურის აუდიტის დეპარტამენტის 2020 წლის 12 აგვისტოს №006-415 „საგადასახადო მოთხოვნასთან“ დაკავშირებით. სადავო საკითხი :მომჩივანი არ ეთანხმება საგადასახადო შემოწმების შედეგად,  ქონების გადასახადის დარიცხვას. განმარტავს, რომ 2015 წლის 4 დეკემბერს გარემოს ეროვნული სააგენტოს N---- ბრძანებით სარგებლობაში გადაეცა ------- მუნიციპალიტეტებში სასარგებლო წიაღისეულის შესწავლა-მოპოვების მიზნით სს -----ზე 2011 წლის 12 ოქტომბერს გაცემული ლიცენზიის №----- სასარგებლო წიაღისეულის შესწავლა-მოპოვების ლიცენზიის ნაწილი, საერთო ფართობით  86107,669 ჰა,  ლიცენზიის  ნომრით  №------, 2041 წლის 13 ოქტომბრამდე სარგებლობის უფლებით.აღნიშნავს, რომ ლიცენზიის მიღების თარიღიდან დღემდე სს ----- ლიცენზიით გათვალისწინებულ მიწებზე აწარმოებს კვლევა-ძიების სამუშაოებს და ჯერ-ჯერობით აღნიშნული სასარგებლო წიაღისეულის ფართობიდან მას არ მიუღია რაიმე სახის მატერიალური ან არამატერიალური სარგებელი.აღნიშნავს, რომ კანონმდებლობით, კერძოდ, საგადასახადო კოდექსის 204-ე მუხლის მე-3 ნაწილით, მიწაზე ქონების გადასახადის გადახდის ვალდებულება გააჩნია ბუნებრივი რესურსებით მოსარგებლე პირს და ვინაიდან საგადასახადო კანონმდებლობა არ განმარტავს ბუნებრივი რესურსებით სარგებლობას, საგადასახადო ორგანომ უნდა იხელმძღვანელოს „ბუნებრივი რესურსებით სარგებლობისათვის მოსაკრებლის შესახებ“ საქართველოს კანონის მე-2 მუხლის მიხედვით.განმარტავს, რომ კომპანია შესწავლის ეტაპზე ვერ სარგებლობს აღნიშნული მიწის ფართობებით და მიუთითებს სს ----- ზე გარემოს ეროვნული სააგენტოს მიერ გაცემული 2014 წლის 05 მაისის N12-15/1541 წერილზე, სადაც აღნიშნულია, რომ სს ----- ფლობს შესწავლა-მოპოვების მიზნით სასარგებლო წიაღისეულის მოპოვების ლიცენზიას და საბადოებისა და მადანგამოვლინებების შესწავლის ეტაპზე იგი არ წარმოადგენს ბუნებრივი რესურსებით მოსარგებლეს.ზემოაღნიშნული გარემოებების გათვალისწინებით, მომჩივანი ითხოვს ქონების გადასახადის ნაწილში დარიცხული თანხების გაუქმებას.
ფაქტობრივი გარემოებები : საქმეში არსებული მასალებით ირკვევა, რომ 2018 წლის 15 ივნისის №15056 ბრძანების საფუძველზე ჩატარდა სს ----- ს საქმიანობის გასვლითი საგადასახადო შემოწმება. 2017 წლის 01 იანვრიდან 2018 წლის 01 მაისამდე საანგარიშო პერიოდის შემოწმების შედეგებზე 2020 წლის 29 ივლისს შედგენილ იქნა საგადასახადო შემოწმების აქტი, რის საფუძველზეც აუდიტის დეპარტამენტმა გამოსცა გადასახადების/გადასახდელების და საგადასახადო სანქციების დარიცხვის/შემცირების შესახებ 2020 წლის 12 აგვისტოს №23652 ბრძანება და ამავე თარიღის N006-415 „საგადასახადო მოთხოვნა“, რომლის მიხედვით, გადასახადის გადამხდელს დამატებით ბიუჯეტში გადასახდელად განესაზღვრა სულ 1 890 086 ლარი, მათ შორის, გადასახადი 983 947 ლარი, ჯარიმა 491 973 ლარი, საურავი 414 166 ლარი. საგადასახადო შემოწმების აქტში სადავო საკითხთან დაკავშირებით მითითებული ფაქტობრივი გარემოებები:საქართველოს გარემოსა და ბუნებრივი რესურსების დაცვის სამინისტროს სსიპ გარემოს ეროვნული სააგენტოს №------- ლიცენზიის მიხედვით 2015 წლის 4 დეკემბერს სარგებლობაში გადაეცა ----- ის მუნიციპალიტეტში სასარგებლო წიაღისეულის შესწავლა-მოპოვების მიზნით სახელმწიფო საკუთრებაში არსებული 86 107.669 ჰა ტყის ფონდის მიწები. გადამხდელს შესამოწმებელ პერიოდში დეკლარირებული და გადახდილი არ აქვს აღნიშნულ მიწებზე ქონების გადასახადი. საქართველოს საგადასახადო კოდექსის 203-ე მუხლის და 204-ე მუხლის მე-3 ნაწილის თანახმად გადამხდელს დაერიცხა გადასახადი და ჯარიმა საქართველოს საგადასახადო კოდექსის 275-ე მუხლის შესაბამისად.
შემოსავლების სამსახურმა მიიჩნია, რომ გადამხდელის საჩივრები არ უნდა დაკმაყოფილდეს, შემდეგ გარემოებათა გამო:შემოსავლების სამსახური მიუთითებს საქართველოს საგადასახადო კოდექსის 302-ე მუხლის მე-6 ნაწილზე, რომლის თანახმად, შემოსავლების სამსახურს უფლება აქვს, მომჩივნის დაუსწრებლად განიხილოს საჩივარი, თუ საქმეში არსებული მასალებიდან სრულად დგინდება დავის საგანთან დაკავშირებული ფაქტობრივი გარემოებები.სადავო საკითხთან დაკავშირებით, დადგენილია, რომ სს ----- ზე ენერგეტიკისა და ბუნებრივი რესურსების სამინისტროს სსიპ ბუნებრივი რესურსების სააგენტოს მიერ 2011 წელს გაცემულია N------ ლიცენზია სასარგებლო წიაღისეულის მოპოვების მიზნით. ბუნებრივი რესურსების დაცვის სამინისტროს 2015 წლის 04 დეკემბრის ბრძანებით, ლიცენზიის ნაწილი, ფართობით, 86 107.669 ჰექტარი გადაეცა სს ----- ს. აღნიშნული ლიცენზიის მიხედვით გათვალისწინებულია შემდეგი ტერიტორია და ფართობი: ------- ს მუნიციპალიტეტებში სასარგებლო წიაღისეულის შესწავლა-მოპოვება.„ლიცენზიებისა და ნებართვების შესახებ“ საქართველოს კანონის მე-3 მუხლის „ა“ პუნქტის „ა.ა“ ქვეპუნქტის მიხედვით, სარგებლობის ლიცენზია არის ლიცენზიის სახეობა, რომლითაც პირს ენიჭება ამ კანონით განსაზღვრული სახელმწიფო რესურსებით სარგებლობის უფლება. ამავე კანონის მე-7  მუხლის  პირველი პუნქტის მიხედვით სარგებლობის ლიცენზიის სახეს წარმოადგენს სასარგებლო წიაღისეულის მოპოვების ლიცენზია.„სასარგებლო წიაღისეულის მოპოვების ლიცენზიის გაცემის წესისა და პირობების შესახებ დებულების დამტკიცების თაობაზე“ საქართველოს მთავრობის 2005 წლის 11 აგვისტოს №136 დადგენილების თანახმად, სასარგებლო წიაღისეულის მოპოვების ლიცენზია გაიცემა:ა)სასარგებლო წიაღისეულის შესწავლა-მოპოვების მიზნით; ბ) სასარგებლო წიაღისეულის მოპოვების მიზნით.ამავე დადგენილების 41-ე მუხლის მიხედვით, წიაღის ის უბნები, რომლებიც გაცემულია ან შეიძლება გაიცეს სარგებლობაში, წარმოადგენენ წიაღით სარგებლობის ობიექტებს. წიაღით სარგებლობის ობიექტებს უწესდებათ შესაბამისად სამთო, გეოლოგიური ან მიწის მინაკუთვნი. გადაწყვეტილებას წიაღით სარგებლობის ობიექტისათვის შესაბამისად სამთო, გეოლოგიური ან მიწის მინაკუთვნის დაწესების თაობაზე ინდივიდუალური ადმინისტრაციულ სამართლებრივი აქტით იღებს ლიცენზიის გამცემი. ამასთანავე, დაწესებული მიწის მინაკუთვნი სააგენტოს მიერ შეიტანება წიაღის სახელმწიფო ფონდში და აღირიცხება (რეგისტრირდება) როგორც წიაღის ფონდის მიწები. სახელმწიფო საკუთრებაში არსებულ მიწებზე განთავსებული წიაღით სარგებლობის ობიექტებისათვის დაწესებული მიწის მინაკუთვნის საჯარო რეესტრში რეგისტრაცია ხორციელდება ლიცენზიის გამცემის მიმართვისა და სათანადო დოკუმენტაციის წარდგენის საფუძველზე.ასევე, აღსანიშნავია, რომ საქართველოს კანონმდებლობის შესაბამისად ბუნებრივი რესურსები წარმოადგენს სახელმწიფო საკუთრებას, მიუხედავად იმისა, ტერიტორიულად იგი მიკუთვნებულია სახელმწიფოს თუ ნებისმიერ ფიზიკურ ან იურიდიულ პირს. შესაბამისად, ლიცენზიის ფარგლებში გამოყოფილ ტერიტორიაზე პირს ნებადართული აქვს აღნიშნული ტერიტორიებით სარგებლობა ბუნებრივი რესურსების შესწავლა-მოპოვების მიზნით. ამასთანავე, აღნიშნული ლიცენზია არ აწესებს შეზღუდვას, ბუნებრივი რესურსებით სარგებლობაზე.საქართველოს საგადასახადო კოდექსის 203-ე მუხლის მიხედვით, მიწაზე ქონების გადასახადის გადამხდელია პირი საგადასახადო წლის 1 აპრილის მდგომარეობით:ა) მის საკუთრებაში არსებულ მიწაზე;ბ) სახელმწიფო საკუთრებაში არსებულ მიწაზე, რომლითაც სარგებლობს ან რომელსაც ფლობს იგი;გ) მის მფლობელობაში ან/და სარგებლობაში არსებულ, გარდაცვლილი პირის სახელზე რეგისტრირებულ მიწის ნაკვეთზე, გარდა იმ შემთხვევისა, როდესაც მიწის ნაკვეთით სარგებლობა ხორციელდება იჯარის, ქირის, უზუფრუქტის ან სხვა ამგვარი სახის ხელშეკრულების საფუძველზე.ამავე კოდექსის 204-ე მუხლის მე-3 ნაწილის თანახმად, ბუნებრივი რესურსებით მოსარგებლე პირისთვის ბუნებრივი რესურსებით სარგებლობისათვის შესაბამისი ლიცენზიის საფუძველზე ან საქართველოს კანონმდებლობით დადგენილი სხვა ფორმით გამოყოფილი მიწა იბეგრება ერთ ჰექტარზე არაუმეტეს 3 ლარით.მომჩივანის განმარტებით, კომპანია არ განიხილება მიწაზე ქონების გადასახადის გადამხდელად, მის მიერ შესწავლა-მოპოვების მიზნით აღებული ლიცენზიის ფარგლებში გადაცემულ მიწებზე.აღნიშნულთან დაკავშირებით, აღსანიშნავია, რომ „წიაღის შესახებ“ საქართველოს კანონი მე-6 მუხლის პირველი ნაწილის შესაბამისად, წიაღით სარგებლობად მიიჩნევა, როგორც სასარგებლო წიაღისეულის მოპოვება, ასევე წიაღის შესწავლა. შესაბამისად, ბუნებრივი რესურსებით (წიაღით) მოსარგებლე პირად განიხილება, როგორც პირი რომელზეც გაცემულია სასარგებლო წიაღისეულის მოპოვების ლიცენზია სასარგებლო წიაღისეულის მოპოვების მიზნით, ასევე პირი რომელზეც გაცემულია წიაღით სარგებლობის ლიცენზია, სასარგებლო წიაღისეულის შესწავლა-მოპოვების მიზნით.შემოსავლების სამსახური მიუთითებს საჯარო სამართლის იურიდიული პირი ,,წიაღის ეროვნული სააგენტოს“ 2019 წლის 04 მარტის №22/96 წერილზე, სადაც აღნიშნულია, რომ გარემოს ეროვნული სააგენტოს 2014 წლის 05 მაისის №12-15/1541 წერილი განმარტავს შესწავლა-მოპოვების ლიცენზიის მფლობელის სტატუსს შესწავლის ეტაპზე ბუნებრივი რესურსებით სარგებლობის მოსაკრებლით დაბეგვრის მიზნებისთვის.შემოსავლების სამსახური განმარტავს, რომ საგადასახადო კოდექსის მიზნებისთის ბუნებრივი რესურსებით მოსარგებლე პირი შეიძლება იყოს, როგორც ის პირი რომელზეც გაცემულია სასარგებლო წიაღისეულის მოპოვების ლიცენზია სასარგებლო წიაღისეულის მოპოვების მიზნით, ასევე ის პირი რომელზეც გაცემულია წიაღით სარგებლობის ლიცენზია, სასარგებლო წიაღისეულის შესწავლა-მოპოვების მიზნით.ზემოაღნიშნულიდან გამომდინარე, შემოსავლების სამსახური დადგენილად მიიჩნევს, რომ მომჩივანი შესაბამისი ლიცენზიის საფუძველზე სარგებლობს ბუნებრივი რესურსებით (წიაღით) და შესაბამისად, საქართველოს საგადასახადო კოდექსის 204-ე მუხლის მე-3 ნაწილის მიზნისთვის წარმოადგენს ბუნებრივი რესურსებით მოსარგებლე პირს.ყოველივე ზემოაღნიშნულის გათვალისწინებით, შემოსავლების სამსახური მიიჩნევს, რომ საჩივარი უსაფუძვლოა და იგი არ უნდა დაკმაყოფილდეს. საქართველოს საგადასახადო კოდექსის 304-ე მუხლის საფუძველზე,
ვ ბ რ ძ ა ნ ე ბ :
1. სს ----- ს 2020 წლის 11 სექტემბრის საჩივრები სადავო საკითხთან დაკავშირებით არ დაკმაყოფილდეს;2. ბრძანების გასაჩივრება შესაძლებელია საქართველოს ფინანსთა სამინისტროსთან არსებულ დავების განხილვის საბჭოში (მის: ქ. თბილისი, ვახტანგ გორგასლის ქ. N16) ან სასამართლოში (მის. ქ. თბილისი, დავით აღმაშენებლის ხეივანი №64), საქართველოს საგადასახადო კოდექსის XIV კარით დადგენილი წესის შესაბამისად მისი ჩაბარებიდან 20 კალენდარული დღის ვადაში.","სადავო საკითხთან დაკავშირებით, დადგენილია, რომ სს ----- ზე ენერგეტიკისა და ბუნებრივი რესურსების სამინისტროს სსიპ ბუნებრივი რესურსების სააგენტოს მიერ 2011 წელს გაცემულია N------ ლიცენზია სასარგებლო წიაღისეულის მოპოვების მიზნით. ბუნებრივი რესურსების დაცვის სამინისტროს 2015 წლის 04 დეკემბრის ბრძანებით, ლიცენზიის ნაწილი, ფართობით, 86 107.669 ჰექტარი გადაეცა სს ----- ს. აღნიშნული ლიცენზიის მიხედვით გათვალისწინებულია შემდეგი ტერიტორია და ფართობი: ------- ს მუნიციპალიტეტებში სასარგებლო წიაღისეულის შესწავლა-მოპოვება.",დაკმაყოფილებაზე უარის თქმის თაობაზე,"შემოსავლების სამსახური განმარტავს, რომ საგადასახადო კოდექსის მიზნებისთის ბუნებრივი რესურსებით მოსარგებლე პირი შეიძლება იყოს, როგორც ის პირი რომელზეც გაცემულია სასარგებლო წიაღისეულის მოპოვების ლიცენზია სასარგებლო წიაღისეულის მოპოვების მიზნით, ასევე ის პირი რომელზეც გაცემულია წიაღით სარგებლობის ლიცენზია, სასარგებლო წიაღისეულის შესწავლა-მოპოვების მიზნით.",,,,,,,,,,,,,,,,,,,,,,,,,,,,,,,
ბრძანება N 209-1,მიღების თარიღი: 18 იანვარი 2021,დოკუმენტის #: 209-1,დოკუმენტის ტიპი: შემოსავლების სამსახურის დავების გადაწყვეტილება,კატეგორია: საგადასახადო/საბაჟო დავა,https://infohub.rs.ge/ka/workspace/document/e6164480-2454-4f24-b302-2f7a71de873c,08 დეკემბერი 2022,"ბრძანება N 20918/01/2021


შპს ----- (მის.: ქ. ------- )სადავო საკითხთან დაკავშირებით საჩივრის დაკმაყოფილებაზე უარის თქმის თაობაზე

შემოსავლების სამსახურმა დავების განხილვის საბჭოს 2020 წლის 21 დეკემბრის სხდომაზე (ოქმი №100) განიხილა შპს ----- ს 04 დეკემბრის №55134/1/2020 საჩივარი, შემოსავლების სამსახურის აუდიტის დეპარტამენტის 2020 წლის 09 ნოემბრის №002-310 საგადასახადო მოთხოვნასთან დაკავშირებით. სადავო საკითხი:დღგ-ს ჩათვლის უფლების გარეშე გათავისუფლებული ბრუნვის კორექტირებასთან დაკავშირებით მომჩივანი მიუთითებს, რომ შემოწმების აქტიდან ვერ დგინდება აღნიშნული თემის მიხედვით განხორციელდა თუ არა ბიუჯეტის წინაშე დამატებითი ვალდებულებების განსაზღვრა. განმარტავს, რომ თუ აღნიშნული თემა არ ახდენს ბიუჯეტის წინაშე გადასახადების დაკისრების ვალდებულებას, თანახმაა აღნიშნულ საკითხზე შეწყვიტოს დავა.
ფაქტების აღწერა:საქმეში არსებული მასალებით დგინდება, რომ შემოსავლების სამსახურის აუდიტის დეპარტამენტის 2020 წლის 25 თებერვლის № 5305 ბრძანების საფუძველზე განხორციელდა შპს ----- ს საქმიანობის გასვლითი საგადასახადო შემოწმება. შესამოწმებელ პერიოდად განისაზღვრა 2017 წლის 01 იანვრიდან 2020 წლის 01 თებერვლამდე საანგარიშო პერიოდები. შემოწმების შედეგებზე 2020 წლის 16 ოქტომბერს შედგა საგადასახადო შემოწმების აქტი, რაზეც გამოიცა გადასახადების/გადასახდელების და საგადასახადო სანქციების თანხების დარიცხვის/შემცირების შესახებ 2020 წლის 09 ნოემბრის №33190 ბრძანება და ამავე თარიღის №002-310 საგადასახადო მოთხოვნა, რომლის მიხედვით გადასახადის გადამხდელს ბიუჯეტში გადასახდელად დამატებით განესაზღვრა სულ 27 278 ლარი, მათ შორის: გადასახადი 19 163 ლარი, ჯარიმა 8 115 ლარი, საურავი 0,64 ლარი.
სადავო საკითხთან დაკავშირებით საგადასახადო შემოწმების აქტის მიხედვით დარიცხვა განპირობებულია შემდეგი გარემოებების მიხედვით:გადასახადის გადამხდელი შესამოწმებელ პერიოდში ახორციელებს სამედიცინო აპარატურის და ნაწილების იმპორტს და მიწოდებას ადგილობრივ ბაზარზე, საწარმო აღნიშნული ხელშეკრულების ფარგლებში ახორციელებს დამკვეთისათვის შეცვლილი (ძველი) ნაწილების მიწოდებას, რომლის ინვოისშიც ღირებულება განსაზღვრულია მხოლოდ საბაჟო მიზნებისათვის. გადასახადის გადამხდელი აღნიშნულ ღირებულებას განიხილავს დღგ-ის ჩათვლის უფლებით გათავისუფლებულ ბრუნვად. შემოწმების შედეგად გადასახადის გადამხდელს შეუმცირდა ჩათვლის უფლებით გათავისუფლებული ბრუნვა, სულ 50 191 ლარით.
შემოსავლების სამსახურმა განიხილა წარმოდგენილი საჩივარი და მიიჩნია, რომ სადავო საკითხთან დაკავშირებით საჩივარი არ უნდა დაკმაყოფილდეს, შემდეგ გარემოებათა გამო:საქართველოს საგადასახადო კოდექსის 302-ე მუხლის მე-6 ნაწილის მიხედვით, შემოსავლების სამსახურს უფლება აქვს, მომჩივნის დაუსწრებლად განიხილოს საჩივარი, თუ საქმეში არსებული მასალებიდან სრულად დგინდება დავის საგანთან დაკავშირებული ფაქტობრივი გარემოებები.საჩივარში დასმულ სადავო საკითხთან მიმართებით, შემოსავლების სამსახური მიუთითებს საქართველოს საგადასახადო კოდექსის 168-ე მუხლის მე-4 ნაწილის „ა“ ქვეპუნქტის თანახმად, ჩათვლის უფლებით დღგ-ისგან გათავისუფლებულია საქონლის რეექსპორტი ან ექსპორტი მხოლოდ იმ საანგარიშო პერიოდისათვის, რომელშიც განხორციელებულია დეკლარირება საქონლის რეექსპორტის ან საქონლის ექსპორტში გაშვების შესახებ.დადგენილი გარემოების მიხედვით, გადასახადის გადამხდელი ახორციელებს შეცვლილი ნაწილების უკან დაბრუნებას მომწოდებლისთვის და აღნიშნული განხორციელებული აქვს როგორც საქონლის ექსპორტი. შემოწმების შედეგად, ფაქტობრივი გარემოების გათვალისწინებით, ვინაიდან განხორციელებულია საქონლის უკან დაბრუნების ოპერაცია შემცირებას დაექვემდებარა ჩათვლის უფლებით გათავისუფლებული ბრუნვა. ამასთან, აუდიტის დეპარტამენტის მიერ დავის წარმოების პროცესში წარმოდგენილი ინფორმაციით დგინდება, რომ განსახილველ საკითხს დამატებით საგადასახადო ვალდებულებების დარიცხვა არ გამოუწვევია.ყოველივე ზემოაღნიშნულის გათვალისწინებით, შემოსავლების სამსახურმა მიიჩნია, რომ განსახილველი საკითხის მიხედვით დღგ-ს ჩათვლის უფლებით გათავისუფლებული ბრუნვის კორექტირება მარლზომიერია.
საქართველოს საგადასახადო კოდექსის 304-ე მუხლის საფუძველზე,
ვ ბ რ ძ ა ნ ე ბ : 1. შპს ----- ს საჩივარი სადავო საკითხთან დაკავშირებით არ დაკმაყოფილდეს;2. ბრძანების გასაჩივრება შესაძლებელია საქართველოს ფინანსთა სამინისტროსთან არსებულ დავების განხილვის საბჭოში (მის.: ქ. თბილისი, ვახტანგ გორგასლის ქ. №16) ან სასამართლოში (მის.: ქ. თბილისი, დავით აღმაშენებლის ხეივანი №64), საქართველოს საგადასახადო კოდექსის XIV კარით დადგენილი წესის შესაბამისად მისი ჩაბარებიდან 20 კალენდარული დღის ვადაში.","საქართველოს საგადასახადო კოდექსის 304-ე მუხლის საფუძველზე,",დაკმაყოფილებაზე უარის თქმის თაობაზე,,,,,,,,,,,,,,,,,,,,,,,,,,,,,,,,
ბრძანება N 209-2,მიღების თარიღი: 18 იანვარი 2021,დოკუმენტის #: 209-2,დოკუმენტის ტიპი: შემოსავლების სამსახურის დავების გადაწყვეტილება,კატეგორია: საგადასახადო/საბაჟო დავა,https://infohub.rs.ge/ka/workspace/document/6ea80149-9e21-4706-a880-f9ead9eb1eaf,08 დეკემბერი 2022,"ბრძანება N 20918/01/2021 


შპს ----- (მის.: ქ. ------- )სადავო საკითხთან დაკავშირებით საჩივრის დაკმაყოფილებაზე უარის თქმის თაობაზე

შემოსავლების სამსახურმა დავების განხილვის საბჭოს 2020 წლის 21 დეკემბრის სხდომაზე (ოქმი №100) განიხილა შპს ----- ს 04 დეკემბრის №55134/1/2020 საჩივარი, შემოსავლების სამსახურის აუდიტის დეპარტამენტის 2020 წლის 09 ნოემბრის №002-310 საგადასახადო მოთხოვნასთან დაკავშირებით. სადავო საკითხი:გადამხდელი არ ეთანხმება არარეზიდენტის მიერ გაწეული მომსახურების უკუდაბეგვრას, აცხადებს, რომ აღნიშნულ მომსახურებას იღებს არა შპს ----- არამედ ის ფიზიკური პირები, რომელთა გადამზადებაც ხდება. შესაბამისად უკუდაბეგვრის მიზნებისთვის კომპანია არ წარმოადგენს მომსახურების მიმღებს.
ფაქტების აღწერა:საქმეში არსებული მასალებით დგინდება, რომ შემოსავლების სამსახურის აუდიტის დეპარტამენტის 2020 წლის 25 თებერვლის № 5305 ბრძანების საფუძველზე განხორციელდა შპს ----- ს საქმიანობის გასვლითი საგადასახადო შემოწმება. შესამოწმებელ პერიოდად განისაზღვრა 2017 წლის 01 იანვრიდან 2020 წლის 01 თებერვლამდე საანგარიშო პერიოდები. შემოწმების შედეგებზე 2020 წლის 16 ოქტომბერს შედგა საგადასახადო შემოწმების აქტი, რაზეც გამოიცა გადასახადების/გადასახდელების და საგადასახადო სანქციების თანხების დარიცხვის/შემცირების შესახებ 2020 წლის 09 ნოემბრის №33190 ბრძანება და ამავე თარიღის №002-310 საგადასახადო მოთხოვნა, რომლის მიხედვით გადასახადის გადამხდელს ბიუჯეტში გადასახდელად დამატებით განესაზღვრა სულ 27 278 ლარი, მათ შორის: გადასახადი 19 163 ლარი, ჯარიმა 8 115 ლარი, საურავი 0,64 ლარი.
სადავო საკითხთან დაკავშირებით საგადასახადო შემოწმების აქტის მიხედვით დარიცხვა განპირობებულია შემდეგი გარემოებების მიხედვით:გადასახადის გადამხდელი შესამოწმებელ პერიოდში ახორციელებს, როგორც დღგ-ით დასაბეგრი (18%) სამედიცინო აპარატურის და ნაწილების იმპორტს, ასევე საქართველოს საგადასახადო კოდექსის 168-ე მუხლის ,,ლ“ ქვეპუნქტის შესაბამისად, ჩათვლის უფლების გარეშე გათვისუფლებული სამედიცინო აპარატურის იმპორტს და შემდგომ მიწოდებას ადგილობრივ ბაზარზე. შპს ----- ს შესამოწმებელ პერიოდში მომწოდებელი არარეზიდენტი პირი ----- თავისივე მოწოდებულ აპარატურის მონტაჟთან/გამართვასთან დაკავშირებით უწევს საკონსულტაციო/საინჟინერინგო მომსახურებას, კერძოდ შპს ----- ს თავისივე დაქირავებულ ინჟინრებს აგზავნის -----ის მიერ ორგანიზებულ ტრენინგზე, სადაც ინჟინრები გადიან კონკრეტული აპარატურის მონტაჟი/ინსტალაციის ერთკვირიან, ათდღიან კურსს. საწარმოს მომსახურების ღირებულებაზე უკუდაბეგვრის დღგ-ით დასაბეგრი თანხა არ აქვს ასახული შესაბამისი პერიოდების დღგ-ის დეკლარაციებში. შესაბამისად არარეზიდენტი პირების მიერ საქართველოს ტერიტორიაზე გაწეულ მომსახურებაზე გადასახადის გადამხდელს დაერიცხა კუთვნილი უკუდაბეგვრის დღგ შესაბამისი პერიოდების მიხედვით.
შემოსავლების სამსახურმა განიხილა წარმოდგენილი საჩივარი და მიიჩნია, რომ სადავო საკითხთან დაკავშირებით საჩივარი არ უნდა დაკმაყოფილდეს, შემდეგ გარემოებათა გამო:საქართველოს საგადასახადო კოდექსის 302-ე მუხლის მე-6 ნაწილის მიხედვით, შემოსავლების სამსახურს უფლება აქვს, მომჩივნის დაუსწრებლად განიხილოს საჩივარი, თუ საქმეში არსებული მასალებიდან სრულად დგინდება დავის საგანთან დაკავშირებული ფაქტობრივი გარემოებები.საჩივარში დასმულ სადავო საკითხთან მიმართებით, შემოსავლების სამსახური მიუთითებს საქართველოს საგადასახადო კოდექსის 43-ე მუხლის პირველი ნაწილის „ა“ ქვეპუნქტზე, რომლის თანახმად, გადასახადის გადამხდელი ვალდებულია შეასრულოს საგადასახადო ვალდებულებები საქართველოს საგადასახადო კანონმდებლობით დადგენილი წესითა და პირობებით.საქართველოს საგადასახადო კოდექსის 176-ე მუხლის პირველი ნაწილის თანახმად, დღგ-ით უკუდაბეგვრას ექვემდებარება არარეზიდენტი ფიზიკური პირის (გარდა საქართველოს მოქალაქე ფიზიკური პირისა) ან არარეზიდენტი საწარმოს მიერ საგადასახადო აგენტისათვის საქართველოს ტერიტორიაზე გაწეული მომსახურება.საქართველოს საგადასახადო კოდექსის 166-ე მუხლის პირველი ნაწილის ,,დ“ ქვეპუნქტის თანახმად, თუ მომსახურების მიმღებ და გამწევ პირთა ადგილსამყოფელი სხვადასხვა სახელმწიფოშია, მომსახურების გაწევის ადგილად ითვლება მომსახურების მიმღები პირის რეგისტრაციის ადგილი ან მართვის ადგილი ან მომსახურების მიმღები პირის მუდმივი დაწესებულების ადგილმდებარეობა, თუ მომსახურება დაკავშირებულია უშუალოდ ამ მუდმივ დაწესებულებასთან. ამავე მუხლის ,,დ.ბ“ ქვეპუნქტის თანახმად ,,დ“ ქვეპუნქტის დებულებები გამოიყენება შემდეგი მომსახურების მიმართ: საკონსულტაციო, იურიდიული, საბუღალტრო, საინჟინერინგო და სხვა მსგავსი მომსახურების გაწევა, აგრეთვე მონაცემებისა და ინფორმაციის დამუშავება-მიწოდება;დადგენილი გარემოების მიხედვით, შპს ----- ს შესამოწმებელ პერიოდში არარეზიდენტი პირები უწევენ მომსახურებას (სწავლების, საკონსულტაციო მომსახურებას და სხვა). გადამხდელის განმარტებით აღნიშნულ მომსახურებას იღებს არა შპს ----- არამედ ის ფიზიკური პირები, რომელთა გადამზადებაც ხდება. უნდა აღინიშნოს, რომ დაქირავებულები მიღებულ სპეციალურ ცოდნას იყენებენ შპს ----- ში დაკისრებული შრომითი ვალდებულებების შესასრულებლად და მაშასადამე, ეს ცოდნა გამოიყენება შპს ----- ს სასარგებლოდ. ამასთან ----თან ხელშეკრულება დადებული აქვს არა დაქირავებულებს, არამედ შპს ----- ს და თანხასაც იხდის საწარმო. შესაბამისად უკუდაბეგვრის დღგ-ის თანხის დარიცხვა მართლზომიერია. შემოსავლების სამსახური განმარტავს, რომ დავის წარმოების პროცესში გადასახადის გადამხდელის მიერ არ ყოფილა წარმოდგენილი მისი არგუმენტაციის დადასტურებელი მტკიცებულებები.ყოველივე ზემოაღნიშნულის და საქმეში არსებული მასალების გათვალისწინებით, შემოსავლების სამსახური განმარტავს, რომ შემოწმებით დამატებით საგადასახადო ვალდებულებების განსაზღვრა სადავო საკითხთან მიმართებში შესაბამისობაშია კანონმდებლობის მოთხოვნებთან, გადამხდელის საჩივარი დაუსაბუთებელია და არ უნდა დაკმაყოფილდეს.
საქართველოს საგადასახადო კოდექსის 304-ე მუხლის საფუძველზე,
ვ ბ რ ძ ა ნ ე ბ : 1. შპს ----- ს საჩივარი სადავო საკითხთან დაკავშირებით არ დაკმაყოფილდეს;2. ბრძანების გასაჩივრება შესაძლებელია საქართველოს ფინანსთა სამინისტროსთან არსებულ დავების განხილვის საბჭოში (მის.: ქ. თბილისი, ვახტანგ გორგასლის ქ. №16) ან სასამართლოში (მის.: ქ. თბილისი, დავით აღმაშენებლის ხეივანი №64), საქართველოს საგადასახადო კოდექსის XIV კარით დადგენილი წესის შესაბამისად მისი ჩაბარებიდან 20 კალენდარული დღის ვადაში.","ყოველივე ზემოაღნიშნულის და საქმეში არსებული მასალების გათვალისწინებით, შემოსავლების სამსახური განმარტავს, რომ შემოწმებით დამატებით საგადასახადო ვალდებულებების განსაზღვრა სადავო საკითხთან მიმართებში შესაბამისობაშია კანონმდებლობის მოთხოვნებთან, გადამხდელის საჩივარი დაუსაბუთებელია და არ უნდა დაკმაყოფილდეს.",დაკმაყოფილებაზე უარის თქმის თაობაზე,,,,,,,,,,,,,,,,,,,,,,,,,,,,,,,,
ბრძანება N 209-3,მიღების თარიღი: 18 იანვარი 2021,დოკუმენტის #: 209-3,დოკუმენტის ტიპი: შემოსავლების სამსახურის დავების გადაწყვეტილება,კატეგორია: საგადასახადო/საბაჟო დავა,https://infohub.rs.ge/ka/workspace/document/10c29ce9-45d1-4853-a89f-8a7dc85578b9,08 დეკემბერი 2022,"ბრძანება N 20918/01/2021


შპს ----- (მის.: ქ. ------- )სადავო საკითხთან დაკავშირებით საჩივრის დაკმაყოფილებაზე უარის თქმის თაობაზე

შემოსავლების სამსახურმა დავების განხილვის საბჭოს 2020 წლის 21 დეკემბრის სხდომაზე (ოქმი №100) განიხილა შპს ----- ს 04 დეკემბრის №55134/1/2020 საჩივარი, შემოსავლების სამსახურის აუდიტის დეპარტამენტის 2020 წლის 09 ნოემბრის №002-310 საგადასახადო მოთხოვნასთან დაკავშირებით.  სადავო საკითხი:გადამხდელი არ ეთანხმება არარეზიდენტისთვის გადახდილი როიალტის გადახდის წყაროსთან დაბეგვრას, ვინაიდან აცხადებს რომ არარეზიდენტისგან შეძენილია არა პროგრამული ლიცენზიების გამოყენების უფლება, არამედ აღნიშნული უფლების ე.წ ,,გასაღების “ შეძენა შემდგომ სარეალიზაციოდ. აღნიშნავს, რომ საქართველოს მთავრობასა და --------  მთავრობას  შორის შემოსავლებსა და ქონებაზე ორმაგი დაბეგვრის თავიდან აცილების შესახებ კონვენციის თანახმად შპს ----- არა არის ვადლებული შეასრულოს საგადასახადო აგენტის ფუნქცია.
ფაქტების აღწერა:საქმეში არსებული მასალებით დგინდება, რომ შემოსავლების სამსახურის აუდიტის დეპარტამენტის 2020 წლის 25 თებერვლის № 5305 ბრძანების საფუძველზე განხორციელდა შპს ----- ს საქმიანობის გასვლითი საგადასახადო შემოწმება. შესამოწმებელ პერიოდად განისაზღვრა 2017 წლის 01 იანვრიდან 2020 წლის 01 თებერვლამდე საანგარიშო პერიოდები. შემოწმების შედეგებზე 2020 წლის 16 ოქტომბერს შედგა საგადასახადო შემოწმების აქტი, რაზეც გამოიცა გადასახადების/გადასახდელების და საგადასახადო სანქციების თანხების დარიცხვის/შემცირების შესახებ 2020 წლის 09 ნოემბრის №33190 ბრძანება და ამავე თარიღის №002-310 საგადასახადო მოთხოვნა, რომლის მიხედვით გადასახადის გადამხდელს ბიუჯეტში გადასახდელად დამატებით განესაზღვრა სულ 27 278 ლარი, მათ შორის: გადასახადი 19 163 ლარი, ჯარიმა 8 115 ლარი, საურავი 0,64 ლარი.
სადავო საკითხთან დაკავშირებით საგადასახადო შემოწმების აქტის მიხედვით დარიცხვა განპირობებულია შემდეგი გარემოებების მიხედვით:შპს ----- ს ძირითადად ------- კომპანიისგან ----- ისგან შესყიდული აქვს პროგრამული ლიცენზიების გამოყენების უფლება, აღნიშნული პროგრამული უზრუნველყოფის გამოყენების უფლება საწარმოს გაცემული აქვს სხვა რეზიდენტ კლინიკებზე. გადამხდელი არ ახდენდა არარეზიდენტისთვის გადახდილი თანხების გადახდის წყაროსთან დაბეგვრას. შესაბამისად საწარმოს დაერიცხა კუთვნილი გადასახადი და ჯარიმა საქართველოს საგადასახადო კოდექსის  275-ე მუხლის შესაბამისად. შემოსავლების სამსახურმა განიხილა წარმოდგენილი საჩივარი და მიიჩნია, რომ სადავო საკითხთან დაკავშირებით საჩივარი არ უნდა დაკმაყოფილდეს, შემდეგ გარემოებათა გამო:საქართველოს საგადასახადო კოდექსის 302-ე მუხლის მე-6 ნაწილის მიხედვით, შემოსავლების სამსახურს უფლება აქვს, მომჩივნის დაუსწრებლად განიხილოს საჩივარი, თუ საქმეში არსებული მასალებიდან სრულად დგინდება დავის საგანთან დაკავშირებული ფაქტობრივი გარემოებები.საჩივარში დასმულ სადავო საკითხთან მიმართებით, შემოსავლების სამსახური მიუთითებს საქართველოს საგადასახადო კოდექსის მე-8 მუხლის 21-ე ნაწილის ,,ბ“ ქვეპუნქტზე, რომლის თანახმად, როიალტი არის საავტორო უფლების, პროგრამული უზრუნველყოფის, პატენტის, ნახაზის, მოდელის, სავაჭრო ნიშნის ან სხვა ინტელექტუალური საკუთრების გამოყენებისათვის ან გამოყენების უფლების სხვა პირისთვის გადაცემისათვის მიღებული შემოსავალი.საქართველოს საგადასახადო კოდექსის 134-ე მუხლის პირველი ნაწილის შესაბამისად, არარეზიდენტის მიერ საქართველოში არსებული წყაროდან მიღებული შემოსავალი, რომელიც არ მიეკუთვნება საქართველოში საგადასახადო აღრიცხვაზე მყოფ არარეზიდენტის მუდმივ დაწესებულებას საქართველოში, იბეგრება გადახდის წყაროსთან გამოქვითვების გარეშე. ამავე მუხლის პირველი ნაწილის ბ1 ქვეპუნქტის თანახმად - როიალტი იბეგრება 5 პროცენტით.“საქართველოს მთავრობასა და უკრაინის მთავრობას შორის შემოსავლებსა და ქონებაზე ორმაგი დაბეგვრის თავიდან აცილებისა და გადასახადის გადაუხდელობის აღკვეთის შესახებ” კონვენციის მე-12 მუხლის პირველი და მე-2 ნაწილის თანახმად:1. ერთ მონაწილე სახელმწიფოში წარმოქმნილი როიალტი, რომელიც გადაიხდება მეორე მონაწილე სახელმწიფოს რეზიდენტისათვის, შეიძლება დაიბეგროს ამ მეორე სახელმწიფოში, თუ ეს რეზიდენტი არის ამ როიალტის ფაქტიური მფლობელი და ამ როიალტის მიმართ ექვემდებარება დაბეგვრას ამ მეორე მონაწილე სახელმწიფოში.2. ამასთან, ეს როიალტი შეიძლება დაიბეგროს აგრეთვე მონაწილე სახელმწიფოში და მისი კანონმდებლობის შესაბამისად, რომელშიც იგი წარმოიშვა, მაგრამ ამგვარად დაწესებულმა გადასახადმა არ უნდა გადააჭარბოს როიალთის საერთო რაოდენობის 10 პროცენტს.დადგენილი გარემოების მიხედვით, საწარმოს უკრაინული კომპანიისგან შესყიდული აქვს პროგრამული ლიცენზიების გამოყენების უფლება, რომელიც არ არის დაბეგრილი გადახდის წყაროსთან. გადამხდელის განმარტებით ორმაგი დაბეგვრის თავიდან აცილების შესახებ კონვენციით აღნიშნული განაცემი ექვემდებარება ხელშემკვრელ სახელმწიფოში დაბეგვრას.ყოველივე ზემოაღნიშნულის, მათ შორის “საქართველოს მთავრობასა და --------- მთავრობას შორის შემოსავლებსა და ქონებაზე ორმაგი დაბეგვრის თავიდან აცილებისა და გადასახადის გადაუხდელობის აღკვეთის შესახებ” კონვენციის მე-12 მუხლის გათვალისწინებით, შემოსავლების სამსახური განმარტავს, რომ შემოწმებით დამატებით საგადასახადო ვალდებულებების განსაზღვრა სადავო საკითხთან მიმართებაში შესაბამისობაშია კანონმდებლობის მოთხოვნებთან, გადამხდელის საჩივარი დაუსაბუთებელია და არ უნდა დაკმაყოფილდეს. საქართველოს საგადასახადო კოდექსის 304-ე მუხლის საფუძველზე,
ვ ბ რ ძ ა ნ ე ბ :
1. შპს ----- ს საჩივარი სადავო საკითხთან დაკავშირებით არ დაკმაყოფილდეს;2. ბრძანების გასაჩივრება შესაძლებელია საქართველოს ფინანსთა სამინისტროსთან არსებულ დავების განხილვის საბჭოში (მის.: ქ. თბილისი, ვახტანგ გორგასლის ქ. №16) ან სასამართლოში (მის.: ქ. თბილისი, დავით აღმაშენებლის ხეივანი №64), საქართველოს საგადასახადო კოდექსის XIV კარით დადგენილი წესის შესაბამისად მისი ჩაბარებიდან 20 კალენდარული დღის ვადაში.","2. ამასთან, ეს როიალტი შეიძლება დაიბეგროს აგრეთვე მონაწილე სახელმწიფოში და მისი კანონმდებლობის შესაბამისად, რომელშიც იგი წარმოიშვა, მაგრამ ამგვარად დაწესებულმა გადასახადმა არ უნდა გადააჭარბოს როიალთის საერთო რაოდენობის 10 პროცენტს.",დაკმაყოფილებაზე უარის თქმის თაობაზე,,,,,,,,,,,,,,,,,,,,,,,,,,,,,,,,
ბრძანება N 221-1,მიღების თარიღი: 18 იანვარი 2021,დოკუმენტის #: 221-1,დოკუმენტის ტიპი: შემოსავლების სამსახურის დავების გადაწყვეტილება,კატეგორია: საგადასახადო/საბაჟო დავა,https://infohub.rs.ge/ka/workspace/document/fd8f7268-c5e1-4fcd-9d68-1910fc1e3c3e,08 დეკემბერი 2022,"ბრძანება N 22118/01/2021


ი/მ ----- (მის.: ქ. ------- )სადავო საკითხთან დაკავშირებით საჩივრის დაკმაყოფილებაზე უარის თქმის თაობაზე
შემოსავლების სამსახურმა დავების განხილვის საბჭოს 2020 წლის 21 დეკემბრის სხდომაზე (ოქმი №100) განიხილა ი/მ ----- ს №54909/1/2020 საჩივარი, შემოსავლების სამსახურის აუდიტის დეპარტამენტის 2020 წლის 09 ნოემბრის №001-317 საგადასახადო მოთხოვნასთან დაკავშირებით.
სადავო საკითხი:გადასახადის გადამხდელი არ ეთანხმება მცირე ბიზნესის სტატუსის გაუქმებას და შემოსავლის 20%-იანი განაკვეთით დაბეგვრას, აცხადებს, რომ საქონლის (თამბაქო) პირველად საფუთავებში დაფასოება აქციზური საქონლის წარმოება არ არის.
ფაქტობრივი გარემოებები:საქმეში არსებული მასალებით დგინდება, რომ აუდიტის დეპარტამენტის 2020 წლის 16 ივნისის №15779 ბრძანების საფუძველზე განხორციელდა ი/მ ----- ს საქმიანობის კამერალური საგადასახადო შემოწმება. ხოლო შესამოწმებელ პერიოდად განისაზღვრა 2017 წლის 01 იანვრიდან 2020 წლის   01 მაისამდე საანგარიშო პერიოდი. შემოწმების შედეგებზე 2020 წლის 29 ოქტომბერს შედგა საგადასახადო შემოწმების აქტი. 2020 წლის 09 ნოემბერს გამოიცა №33218 ბრძანება და ამავე თარიღის №001-317 საგადასახადო მოთხოვნა, რომლითაც გადასახადის გადამხდელს ბიუჯეტის სასარგებლოდ დამატებით გადასახდელად განესაზღვრა სულ 83118 ლარი, მათ შორის, გადასახადი 52682 ლარი, ჯარიმა 22956 ლარი, საურავი 7480 ლარი.
სადავო საკითხთან დაკავშირებით, საგადასახადო შემოწმების აქტის თანახმად, დარიცხვა განპირობებულია შემდეგი გარემოებებით:მეწარმეს შესამოწმებელ პერიოდში განხორციელებული აქვს თამბაქოს ნედლეულის იმპორტი და რეალიზაცია როგორც ნედლეულის სახით, ასევე 50 გრამიან პაკეტებში დაფასოებული, 2019 წლის ნოემბერში საგადასახადო ორგანოდან გატანილი აქვს 20 000 ცალი აქციზური მარკა. ყველა რეალიზაცია განხორციელებულია 2019 წლის 21 ნოემბრამდე. 2019 წლის 01 მარტიდან მეწარმეს მინიჭებული აქვს მცირე მეწარმის სტატუსი და წარდგენილი აქვს მცირე ბიზნესის საშემოსავლო გადასახადის ყოველთვიური დეკლარაციები.„სპეციალური დაბეგვრის რეჟიმის შესახებ“ საქართველოს მთავრობის 2010 წლის 29 დეკემბრის №415 დადგენილების თანახმად, აკრძალული საქმიანობების ჩამონათვალში, რომელთა განხორციელების  შემთხვევაშიც არ შეიძლება მეწარმე ფიზიკური პირისთვის მცირე ბიზნესის სტატუსის მინიჭება, შედის აქციზური საქონლის წარმოება. აღნიშნულიდან გამომდინარე, მეწარმეს არ უნდა მინიჭებოდა მცირე ბიზნესის სტატუსი და შესაბამისად უნდა წარედგინა წლიური საშემოსავლო გადასახადის დეკლარაცია. შემოწმებით შემცირდა მეწარმის მიერ მცირე ბიზნესის სტატუსის საშემოსავლო გადასახადის დეკლარაციების მიხედვით დეკლარირებული გადასახადი და შემოსავალი დაექვემდებარა 20%-იანი განაკვეთით დაბეგვრას. შესაბამისად, გადამხდელს დარიცხა გადასახადი და ჯარიმა საქართველოს საგადასახადო კოდექსის 275-ე მუხლის საფუძველზე.
შემოსავლების სამსახურმა განიხილა წარმოდგენილი საჩივარი და მიიჩნია, რომ სადავო საკითხთან დაკავშირებით საჩივარი არ უნდა დაკმაყოფილდეს, შემდეგ გარემოებათა გამო:შემოსავლების სამსახური მიუთითებს საქართველოს საგადასახადო კოდექსის 302-ე მუხლის მე-2 ნაწილზე, რომლის მიხედვით დავის განმხილველი ორგანო საჩივარს განიხილავს მხოლოდ მომჩივნის მოთხოვნის ფარგლებში. ამავე მუხლის მე-6 ნაწილის მიხედვით, შემოსავლების სამსახურს უფლება აქვს, მომჩივნის დაუსწრებლად განიხილოს საჩივარი, თუ საქმეში არსებული მასალებიდან სრულად დგინდება დავის საგანთან დაკავშირებული ფაქტობრივი გარემოებები.შემოსავლების სამსახური მიუთითებს, საქართველოს  საგადასახადო  კოდექსის  88-ე  მუხლის  პირველი  და  მე-2  ნაწილებზე,  რომელთა თანახმად:1. მცირე ბიზნესის სტატუსი შეიძლება მიენიჭოს მეწარმე ფიზიკურ პირს.2. საქართველოს პარლამენტის საფინანსო-საბიუჯეტო კომიტეტთან შეთანხმებით, საქართველოს მთავრობას უფლება აქვს, აკრძალოს ცალკეული საქმიანობის განხორციელება, რომლის ფარგლებშიც მცირე ბიზნესის სტატუსი არ შეიძლება მიენიჭოს მეწარმე ფიზიკურ პირს.ამავე კოდექსის 89-ე მუხლის მე-2 ნაწილის „გ“ ქვეპუნქტის თანახმად, მცირე ბიზნესის სტატუსი უქმდება, თუ პირი ახორციელებს ამ კოდექსის 88-ე მუხლის მე-2 ნაწილით გათვალისწინებულ საქმიანობას.ამავე მუხლის მე-4 ნაწილის თანახმად, ამ მუხლის მე-2 ნაწილის „გ“ ან „დ“ ქვეპუნქტით გათვალისწინებული საფუძვლით მცირე ბიზნესის სტატუსის გაუქმების შემთხვევაში მცირე ბიზნესის სტატუსი გაუქმებულად ითვლება მიმდინარე კალენდარული წლის დასაწყისიდან.„სპეციალური დაბეგვრის რეჟიმის შესახებ“ საქართველოს მთავრობის 2010 წლის 29 დეკემბრის №415 დადგენილების დანართი №4-ის მე-7 პუნქტის თანახმად, აქციზური საქონლის წარმოება წარმოადგენს ისეთი აკრძალული საქმიანობის სახეს, რომლის განხორციელების შემთხვევაში არ შეიძლება მეწარმე ფიზიკური პირისთვის მცირე ბიზნესის სტატუსის მინიჭება.საქართველოს საგადასახადო კოდექსის 81-ე მუხლის პირველი ნაწილის თანახმად, ფიზიკური პირის დასაბეგრი შემოსავალი იბეგრება 20 პროცენტით, თუ ამ კოდექსით სხვა რამ არ არის გათვალისწინებული.დადგენილია, რომ მეწარმეს შესამოწმებელ პერიოდში განხორციელებული აქვს თამბაქოს ნედლეულის იმპორტი და რეალიზაცია როგორც ნედლეულის სახით, ასევე 50 გრამიან პაკეტებში დაფასოებული, 2019 წლის ნოემბერში საგადასახადო ორგანოდან გატანილი აქვს 20 000 ცალი აქციზური მარკა. ამასთან, ყველა რეალიზაცია განხორციელებულია 2019 წლის 21 ნოემბრამდე. ამდენად, ზემოაღნიშნული საკანონმდებლო ნორმებისა ფაქტობრივი გარემოებების გათვალისწინებით, შემოსავლების სამსახურს მიაჩნია, რომ მცირე ბიზნესის სტატუსის გაუქმება, გადამხდელის მიერ მცირე ბიზნესის სტატუსის საშემოსავლო გადასახადის დეკლარაციების მიხედვით დეკლარირებული გადასახადის შემცირება და აღნიშნული შემოსავლის 20%-იანი განაკვეთით დაბეგვრა მართლზომიერია. ყოველივე ზემოაღნიშნულის გათვალისწინებით, შემოსავლების სამსახურს მიაჩნია, რომ საგადასახადო ვალდებულებები შემოწმების მიერ განსაზღვრულია საგადასახადო კანონმდებლობის შესაბამისად და არ არსებობს საჩივრის აღნიშნულ ნაწილში დაკმაყოფილების საფუძველი.
საქართველოს საგადასახადო კოდექსის 304-ე მუხლის საფუძველზე,
ვ ბ რ ძ ა ნ ე ბ : 1. ი/მ ----- ს საჩივარი სადავო საკითხთან დაკავშირებით არ დაკმაყოფილდეს;2. აღნიშნული გადაწყვეტილება შეიძლება გასაჩივრდეს საქართველოს ფინანსთა სამინისტროსთან არსებულ დავების განხილვის საბჭოში (მის.: ქ. თბილისი, ვახტანგ გორგასლის ქ. №16) ან სასამართლოში (მის.: ქ. თბილისი, დავით აღმაშენებლის ხეივანი №64), საქართველოს საგადასახადო კოდექსის XIV კარით დადგენილი წესის შესაბამისად, ამ გადაწყვეტილების ჩაბარებიდან 20 კალენდარული დღის ვადაში.","ამავე მუხლის მე-4 ნაწილის თანახმად, ამ მუხლის მე-2 ნაწილის „გ“ ან „დ“ ქვეპუნქტით გათვალისწინებული საფუძვლით მცირე ბიზნესის სტატუსის გაუქმების შემთხვევაში მცირე ბიზნესის სტატუსი გაუქმებულად ითვლება მიმდინარე კალენდარული წლის დასაწყისიდან.",დაკმაყოფილებაზე უარის თქმის თაობაზე,,,,,,,,,,,,,,,,,,,,,,,,,,,,,,,,
ბრძანება N 639,მიღების თარიღი: 17 იანვარი 2019,დოკუმენტის #: 639,დოკუმენტის ტიპი: შემოსავლების სამსახურის დავების გადაწყვეტილება,კატეგორია: საგადასახადო/საბაჟო დავა,https://infohub.rs.ge/ka/workspace/document/05fa34b6-b7fb-43a6-8561-e85e11469400,08 დეკემბერი 2022,"ბრძანება N 63917/01/2019


შპს -----(მის: -------)2018 წლის 27 და 28 დეკემბრისსაჩივრების არ დაკმაყოფილების თაობაზე

შემოსავლების სამსახურის დავების განხილვის საბჭომ 2019 წლის 11 იანვარს (ოქმი N01) განიხილა შპს ----- ს საჩივარი, რომელიც 2018 წლის 27 დეკემბერს წარმოდგენილი საჩივრით არ ეთანხმებოდა მის მიმართ გავრცელებულ უზრუნველყოფის ღონისძიებებს საინკასო დავალებასა და საგადასახადო გირავნობა/იპოთეკის შეტყობინებას. გადამხდელმა 2018 წლის 28 დეკემბერს წარმოადგინა დაზუსტებული საჩივარი და მოითხოვა 2018 წლის 04 დეკემბრის N011-2018-190385 საბანკო ანგარიშებიდან გადასახადის, საურავის და ჯარიმის თანხების ჩამოწერის შესახებ ბრძანების გაუქმება.
ფაქტების აღწერა:შემოსავლების სამსახურის გადასახადების ადმინისტრირების საინფორმაციო სისტემის მონაცემებითა და ანალიტიკური დეპარტამენტის მიერ წარმოდგენილი ინფორმაციით ირკვევა, რომ შპს ----- ს 2018 წლის 27 დეკემბრის მდგომარეობით საგადასახადო დავალიანება ერიცხებოდა 302187,71 ლარის ოდენობით. ნაერთი ინფორმაციის მიხედვით საგადასახადო დავალიანება ირიცხებოდა დღგ და საშემოსავლო გადასახადებში, ბუნებრივი რესურსებით სარგებლობის მოსაკრებელში. კომპიუტერულ ბაზაში არსებული ინფორმაციის მიხედვით საგადასახადო დავალიანება წარმოშობილია 2018 წლის 15 ნოემბრის მდგომარეობით 395093,36 ლარის ოდენობით, რომელიც წარმოშობილია წარდგენილი დეკლარაციების საფუძველზე დარიცხული თანხების გადაუხდელობით. საგადასახადო დავალიანება 2018 წლის 27 დეკემბრის მდგომარეობით აღიარებულია მთლიანად 302187,71 ლარის ოდენობით.საქართველოს საგადასახადო კოდექსის მიხედვით საგადასახადო გირავნობის/იპოთეკის რეგისტრაციის უფლება წარმოიშობა საგადასახადო დავალიანების წარმოშობასთან ერთად და მარეგისტრირებელ ორგანოში რეგისტრაციის მომენტიდან. შემოსავლების სამსახურის გადასახადების ადმინისტრირების საინფორმაციო სისტემის ნაერთი ინფორმაციის მიხედვით 2018 წლის 03 დეკემბრის მდგომარეობით გადამხდელის საგადასახადო დავალიანება შეადგენდა 398481,19 ლარს. აღნიშნულიდან გამომდინარე საგადასახადო კოდექსის 239-ე მუხლის თანახმად, შპს ----- ს ქონების მიმართ 2018 წლის 03 დეკემბერს (შეტყობინება N094-4557) წარმოშობილია საგადასახადო გირავნობის/იპოთეკის უფლება. 2018 წლის 03 დეკემბრის მდგომარეობით შპს ----- ს ერიცხებოდა აღიარებული საგადასახადო დავალიანება 398481,19 ლარის ოდენობით. აღნიშნულიდან გამომდინარე, საგადასახადო კოდექსის 243-ე მუხლის პირველი ნაწილის შესაბამისად 2018 წლის 04 დრკემბერს გამოცემულია N011-2018-190385 ბრძანება შპს ----- ს საბანკო ანგარიშებზე საინკასო დავალებების წარდგენის შესახებ, აღნიშნული გადამხდელს ელექტრონულად გაეგზავნა 2018 წლის 04 დეკემბერს და გაეცნო 2018 წლის 05 დეკემბერს.
გადამხდელის არგუმენტაცია:გადამხდელი წარმოდგენილ საჩივარში განმარტავს, არ ეთანხმება საბანკო ანგარიშებიდან გადასახადის, საურავის და ჯარიმის თანხების ჩამოწერის შესახებ ბრძანებას და ითხოვს მის გაუქმებას.
შემოსავლების სამსახურის დავების განხილვის საბჭომ განიხილა აღნიშნული საჩივარი და მიიჩნია, რომ იგი არ უნდა დაკმაყოფილდეს შემდეგ გარემოებათა გამო:საგადასახადო კოდექსის 238-ე მუხლის 1-ლი ნაწილის  თანახმად „საგადასახადო ორგანოს უფლება აქვს, საგადასახადო დავალიანების გადახდევინების უზრუნველსაყოფად განახორციელოს შემდეგი ღონისძიებები:ა) საგადასახადო გირავნობა/იპოთეკა;ბ) მესამე პირზე გადახდევინების მიქცევა; გ) ქონებაზე ყადაღის დადება;დ) ყადაღადადებული ქონების რეალიზაცია;ე) საბანკო ანგარიშზე საინკასო დავალების წარდგენა;ვ) გადასახადის გადამხდელის სალაროდან ნაღდი ფულის ამოღება;ამავე მუხლის მე-2 ნაწილის თანახმად „საგადასახადო დავალიანების გადახდევინების უზრუნველყოფის ღონისძიებების განხორციელების რიგითობას ირჩევს საგადასახადო ორგანო, თუ ამ კოდექსით სხვა რამ არ არის დადგენილი.“სსკ-ის 243-ე მუხლის 1-ლი ნაწილის თანახმად „ამ კოდექსით გათვალისწინებულ შემთხვევებში საგადასახადო ორგანოს უფლება აქვს, აღიარებული საგადასახადო დავალიანების ფარგლებში პირის საბანკო ანგარიშებიდან (გარდა საანაბრო (ვადიანი) ანგარიშისა) საინკასო დავალებით ჩამოწეროს გადასახადის, საურავისა და ჯარიმის თანხები და ჩარიცხოს ისინი შესაბამის ბიუჯეტში.“სსკ-ის 238-ე მუხლის მე-6 ნაწილის თანახმად: „საგადასახადო დავალიანების გაუქმებასთან ერთად უქმდება მისი გადახდევინების უზრუნველსაყოფად დაწყებული ამ თავით გათვალისწინებული ნებისმიერი ღონისძიება, თუ ამ კოდექსით სხვა რამ არ არის დადგენილი.“  დადგენილი.“  ასევე,  ქონებაზე დადებული ყადაღა უქმდება 241-ე მუხლის მე-9 ნაწილით გათვალისწინებულ შემთხვევებში.სსკ-ის მე-8 მუხლის მე-5 ნაწილის თანახმად: „აღიარებული საგადასახადო დავალიანება – საგადასახადო დავალიანება, თუ: ა) დარიცხვის საფუძველია საგადასახადო დეკლარაცია/საბაჟო დეკლარაცია; ბ) პირს გაშვებული აქვს საგადასახადო ორგანოს მიერ მისთვის წარდგენილი საგადასახადო მოთხოვნის ან/და დავის განმხილველი ორგანოს გადაწყვეტილების გასაჩივრების ამ კოდექსით დადგენილი ვადა; გ) მისი შემცირების მიზნით შემოსავლების სამსახურსა და გადასახადის გადამხდელს შორის გაფორმდა საგადასახადო შეთანხმება; დ) დარიცხვის მართლზომიერების შესახებ სასამართლოს გადაწყვეტილება შესულია კანონიერ ძალაში; ე) პირი წერილობითი/ელექტრონული განცხადებით უარს აცხადებს საგადასახადო დავის განმხილველი ორგანოს გადაწყვეტილების გასაჩივრებაზე.“ზემოაღნიშნული გარემოებებიდან გამომდინარე და შემოსავლების სამსახურის დავების განხილვის საბჭოზე წარმოდგენილი მტკიცებულებების, მხარეთა მიერ გამოთქმული მოსაზრებების და იმ ფაქტების გათვალისწინებით, რომ 2018 წლის 03 დეკემბრის მდგომარეობით შპს ----- ს ერიცხებოდა აღიარებული საგადასახადო დავალიანება (რომელიც წარმოშობილია გადამხდელის მიერ წარდგენილი დეკლარაციების საფუძველზე) შემოსავლების სამსახურის დავების განხილვის საბჭომ მიიჩნია, რომ 2018 წლის 04 დეკემბრის N011-2018-190385 ბრძანება საბანკო ანგარიშებიდან გადასახადის, საურავის და ჯარიმის თანხების ჩამოწერის შესახებ გამოცემულია კანონმდებლობის შესაბამისად და არ არსებობს მისი გაუქმების სამართლებრივი საფუძველი.
აღნიშნულიდან გამომდინარე, საქართველოს საგადასახადო კოდექსის 304-ე მუხლის საფუძველზე,
ვ ბ რ ძ ა ნ ე ბ :
1. შპს ----- ს საჩივარი არ დაკმაყოფილდეს;2. აღნიშნული გადაწყვეტილება შეიძლება გასაჩივრდეს საქართველოს ფინანსთა სამინისტროსთან არსებულ დავების განხილვის საბჭოში (მის: ქ. თბილისი, გორგასლის ქ. N16) ან სასამართლოში (მის: ქ. თბილისი, აღმაშენებლის ხეივანი მე-12 კმ, N6), საქართველოს საგადასახადო კოდექსის XIV კარით დადგენილი წესის შესაბამისად, ამ გადაწყვეტილების ჩაბარებიდან 20 დღის ვადაში.","სსკ-ის 243-ე მუხლის 1-ლი ნაწილის თანახმად „ამ კოდექსით გათვალისწინებულ შემთხვევებში საგადასახადო ორგანოს უფლება აქვს, აღიარებული საგადასახადო დავალიანების ფარგლებში პირის საბანკო ანგარიშებიდან (გარდა საანაბრო (ვადიანი) ანგარიშისა) საინკასო დავალებით ჩამოწეროს გადასახადის, საურავისა და ჯარიმის თანხები და ჩარიცხოს ისინი შესაბამის ბიუჯეტში.“",საჩივრების არ დაკმაყოფილების თაობაზე,,,,,,,,,,,,,,,,,,,,,,,,,,,,,,,,
ბრძანება N 951,მიღების თარიღი: 23 იანვარი 2018,დოკუმენტის #: 951,დოკუმენტის ტიპი: შემოსავლების სამსახურის დავების გადაწყვეტილება,კატეგორია: საგადასახადო/საბაჟო დავა,https://infohub.rs.ge/ka/workspace/document/51575406-1a29-4a1c-b1f0-992a4e6b1638,08 დეკემბერი 2022,"ბრძანება N 95123/01/2018


შპს -----(მის: ქ. ---------)2017 წლის 21 დეკემბრის საჩივრის არ დაკმაყოფილების თაობაზე

შემოსავლების სამსახურის დავების განხილვის საბჭომ 2018 წლის 10 იანვარს გამართულ სხდომაზე (ოქმი N1) განიხილა შპს ----- 2017 წლის 21 დეკემბრის საჩივარი, რომლითაც გადამხდელი არ ეთანხმება 2017 წლის 4 დეკემბრის N006-764 „საგადასახადო მოთხოვნით“ დარიცხულ თანხებს.
საჩივარში აღნიშნულია, რომ შპს ----- არ ეთანხმება განხორციელებულ დარიცხვებს მოგების გადასახადის ნაწილში და აღნიშნავს, რომ კომპანია დაფუძნდა სს ------ს მიერ, დაფუძნებისას მისი კაპიტალი განისაზღვრა 200 ლარის ფულადი შენატანით. 2013 წლის 17 ოქტომბერს კომპანიის 100%-იანი დამფუძნებლის მიერ მოხდა საწესდებო კაპიტალის გაზრდა არაფულადი შენატანით - მიწის სახით, საბაზრო ღირებულებით 4 513 766 ლარი, რაც დადგინდა დამოუკიდებელი შემფასებლის მიერ. სწორედ აღნიშნული საბაზრო ფასით იქნა მიწის ღირებულება შეტანილი კომპანიის მიერ სარეალიზაციო ბინების თვითღირებულებაში, ხოლო შემმოწმებლის მიერ სსკ-ს 151-ე მუხლის 1-ლი ნაწილის საფუძველზე ბინების თვითღირებულებაში ჩართული მიწის ღირებულება დაკორექტირდა და გამოყენებულ იქნა მიწის თვითღირებულება/მიწის შესყიდვის ფასი - 1 944 000 ლარი. სსკ-ს 151-ე მუხლის 1-ლი და მე-2 ნაწილების შესაბამისად, აქტივების გადაცემა იურიდიული პირისთვის არ განიხილება მიწოდებად მხოლოდ იმ შემთხვევაში, თუ ეს გადაცემა ხორციელდება მასში 50% ან მეტი წილის (აქციების) სანაცვლოდ. მოცემულ შემთხვევაში დამფუძნებელი ფლობდა 100% წილს და მიწის შენატანის განხორციელების შემდგომ კვლავ 100% წილის მფლობელად დარჩა, შესაბამისად, სანაცვლოდ მიღებული წილის ოდენობა ვერ იქნება 50% ან მეტი. დამფუძნებლის მიერ საწესდებო კაპიტალში შეტანილი მიწა კომპანიის მიერ განხილულ იქნა როგორც აქტივის მიწოდება და დაექვემდებარა საბაზრო ფასით დაბეგვრას, რაც დასტურდება ასევე იმ ფაქტით, რომ 2013 წელს დაფუძნებულ კომპანიას აქტივის მიწოდებისას ერთობლივ შემოსავალში ჩართული აქვს აქტივის მიწოდების შედეგად მიღებული ნამეტი შემოსავალი-სხვაობა მიწის საბაზრო ღირებულებასა და მის თვითღირებულებას შორის. შემმოწმებელთა მიერ გაზიარებულ იქნა უკანასკნელი პოზიცია და არ შემცირდა კომპანიის ერთობლივი შემოსავალი. აღნიშნულიდან გამომდინარე მომჩივანი ითხოვს N006-764 საგადასახადო მოთხოვნის გაუქმებას და დარიცხული თანის შემცირებას.
საქმის ირგვლივ არსებული მასალებით ირკვევა, რომ შემოსავლების სამსახურის 2017 წლის 24 მაისის N13844 ბრძანების საფუძველზე, ჩატარდა შპს ----- საქმიანობის საგადასახადო შემოწმება. შემოწმების შედეგებზე 2017 წლის 28 ნოემბერს შედგა საგადასახადო შემოწმების აქტი, რის საფუძველზეც გამოიცა 2017 წლის 4 დეკემბრის N32318 ბრძანება და გადამხდელს წარედგინა N006-764 საგადასახადო მოთხოვნა.  გადამხდელის საგადასახადო ვალდებულება დამატებით განისაზღვრა სულ 465 667 ლარი, მათ შორის: ძირითადი გადასახადი 275 085 ლარი, ჯარიმა 190 582 ლარი, ხოლო საურავი 0 ლარი.
საგადასახადო შემოწმების აქტით დგინდება, რომ:1) საწარმოს საქმიანობას წარმოადგენს მრავალბინიან კორპუსში ბინების რეალიზაცია. მიწა შემოტანილია საწესდებო კაპიტალში დამფუნებლის (100%-იანი წილის მფლობელი) მიერ 2013 წელს, დამოუკიდებელი ექსპერტის მიერ შეფასებული საბაზრო ღირებულებით 4 513 766 ლარად. დამფუძნებელს აღნიშნული მიწა 2011 წელს შესყიდული აქვს 1 944 000 ლარად. საწარმოს სარეალიზაციო კორპუსის თვითღირებულებაში კაპიტალიზებული აქვს მიწის საბაზრო ღირებულება 4 513 766 ლარის ოდენობით და იქვითავს ბინების რეალიზაციის პროპორციულად. ბინების რეალიზაცია იწყება 2016 წელს და წლის ბოლომდე რეალიზებულია ბინების მთლიანი ფართის 94%.2) საწარმოს მიერ კაპიტალიზებული იყო მიღებული სესხის პროცენტის ნაწილი, რომელიც ექვემდებარებოდა პერიოდის ხარჯად აღიარებას. 1) სსკ-ის 151-ე მუხლის მიხედვით: „1. პირის (პირთა) მიერ იურიდიული პირისათვის მასში 50 პროცენტის ან მეტი წილის (აქციების) სანაცვლოდ აქტივების გადაცემა (დავალიანებით ან მის გარეშე) არ არის აქტივების მიწოდება. 2. ამ მუხლის პირველი ნაწილით გათვალისწინებულ შემთხვევაში მიმღები მხარისათვის აქტივების ღირებულება იგივეა, რაც მიმწოდებელი მხარისათვის მათი ღირებულება გადაცემის მომენტისათვის.“ შემოწმების მიერ სარეალიზაციო კორპუსის თვითღირებულებაში ჩართული იქნა სსკ-ის 145-ე და 148-ე მუხლების მიხედვით განსაზღვრული მიწის თვითღირებულება 1 944 000 ლარის ოდენობით, რა თვითღირებულებაც ფიქსირდება აქტივების მომწოდებელი მხარისთვის. 2) შენობის თვითღირებულებიდან ამოღებული იქნა სესხის პროცენტის ის ნაწილი, რომელიც აღიარებულ იქნა პერიოდის ხარჯად.
შემოსავლების სამსახურის დავების განხილვის საბჭო მიუთითებს საქართველოს საგადასახადო კოდექსის 151-ე მუხლზე, რომლის თანახმად 1. პირის (პირთა) მიერ იურიდიული პირისათვის მასში 50 პროცენტის ან მეტი წილის (აქციების) სანაცვლოდ აქტივების გადაცემა (დავალიანებით ან მის გარეშე) არ არის აქტივების მიწოდება. 2. ამ მუხლის პირველი ნაწილით გათვალისწინებულ შემთხვევაში მიმღები მხარისათვის აქტივების ღირებულება იგივეა, რაც მიმწოდებელი მხარისათვის მათი ღირებულება გადაცემის მომენტისათვის. 3. ამ მუხლის პირველ ნაწილში აღნიშნული გაცვლის შედეგად მიღებული პარტნიორის წილის ღირებულება ტოლია გადაცემული აქტივების ღირებულებისა, გადაცემული (შესაბამისი) დავალიანების გამოკლებით.სსკ-ის 148-ე მუხლის თანახმად:1. აქტივების ღირებულებაში შეიტანება მათი შესყიდვის, წარმოების, მშენებლობის, მონტაჟისა და დადგმის ხარჯები (დანახარჯები), აგრეთვე სხვა ხარჯები (დანახარჯები), რომლებიც ზრდის მათ ღირებულებას, გარდა ისეთი ხარჯებისა (დანახარჯებისა), რომელთა პირდაპირ გამოქვითვის უფლება აქვს გადასახადის გადამხდელს, ხოლო აქტივების უსასყიდლოდ  მიღებისას  –ამ აქტივების საბაზრო ფასი.2. აქტივების მხოლოდ  ნაწილის მიწოდების ან გადაცემის შემთხვევაში აქტივების ღირებულება მიწოდების ან გადაცემის მომენტში ნაწილდება დარჩენილ და მიწოდებულ ან გადაცემულ ნაწილებს შორის.შემოსავლების სამსახურის დავების განხილვის საბჭო აღნიშნავს, რომ დამფუნებლის (100%-იანი წილის მფლობელი) მიერ 2013 წელს მიწა შეტანილია შპს ----- საწესდებო კაპიტალში, რომელიც დამოუკიდებელი ექსპერტის მიერ შეფასებული საბაზრო ღირებულებით 4 513 766 ლარად, ხოლო დამფუძნებელს აღნიშნული მიწა 2011 წელს შესყიდული აქვს 1  944  000  ლარად. საბჭო  აღნიშნავს, რომ  შპს ----- ს სარეალიზაციო კორპუსის თვითღირებულებაში კაპიტალიზებული  აქვს  მიწის  (საწესდებო კაპიტალში შეტანილი მიწის) საბაზრო ღირებულება 4 513 766 ლარის ოდენობით და იქვითავს ბინების რეალიზაციის პროპორციულად.დავების განხილვის საბჭო აღნიშნავს, რომ სსკ-ის 151-ე მუხლში მითითებულია: პირის მიერ იურიდიული პირისათვის მასში 50 პროცენტის ან მეტი წილის (აქციების) სანაცვლოდ აქტივების გადაცემისას მიმღები მხარისათვის აქტივების ღირებულება იგივე უნდა იყოს, რაც მიმწოდებელი მხარისათვის მათი ღირებულება გადაცემის მომენტისათვის.საბჭო განმარტავს, რომ შემოწმების მიერ სარეალიზაციო კორპუსის თვითღირებულებაში ჩართული იქნა მიწის თვითღირებულება 1 944 000 ლარის ოდენობით (ნაცვლად გადამხდელის მიერ მიკუთვნებული 4 513 766 ლარისა), ვინაიდან მომწოდებელი მხარისთვის აქტივების თვითღირებულებაც ფიქსირდება 1 944 000 ლარის ოდენობით. ყოველივე ზემოაღნიშნულიდან გამომდინარე, შემოსავლების სამსახურის დავების განხილვის საბჭო მიიჩნევს, რომ საგადასახადო კანონმდებლობის შესაბამისად განხორციელდა საგადასახადო ვალდებულების განსაზღვრა, შესაბამისად საგადასახადო შემოწმების აქტით დარიცხული თანხები მართლზომიერია, ხოლო საჩივარი დაუსაბუთებელი, რის გამოც საჩივარი არ უნდა დაკმაყოფილდეს.
საქართველოს საგადასახადო კოდექსის 304-ე მუხლის საფუძველზე,
ვ ბ რ ძ ა ნ ე ბ :
1. შპს ----- ს 2017 წლის 21 დეკემბრის საჩივარი არ დაკმაყოფილდეს;2. აღნიშნული გადაწყვეტილება შეიძლება გასაჩივრდეს საქართველოს ფინანსთა სამინისტროსთან არსებულ დავების განხილვის საბჭოში (მის: ქ. თბილისი, ვ. გორგასლის ქ. N16) ან სასამართლოში (მის: ქ. თბილისი, დავით აღმაშენებლის ხეივანი N6, მე-12 კილომეტრი), საქართველოს საგადასახადო კოდექსის XIV კარით დადგენილი წესის შესაბამისად, ამ გადაწყვეტილების ჩაბარებიდან 20 კალენდარული დღის ვადაში.",,არ დაკმაყოფილების თაობაზე,,,,,,,,,,,,,,,,,,,,,,,,,,,,,,,,
ბრძანება N 1003,მიღების თარიღი: 24 იანვარი 2018,დოკუმენტის #: 1003,დოკუმენტის ტიპი: შემოსავლების სამსახურის დავების გადაწყვეტილება,კატეგორია: საგადასახადო/საბაჟო დავა,https://infohub.rs.ge/ka/workspace/document/d0add66f-de25-41ee-b903-e6b6d169a030,08 დეკემბერი 2022,"ბრძანება N 100324/01/2018


შპს -----(მის: ქ. --------)სადავო საკითხთან დაკავშირებითსაჩივრის არ დაკმაყოფილების თაობაზე

შემოსავლების სამსახურის დავების განხილვის საბჭომ 2018 წლის 10 იანვარს გამართულ სხდომაზე (ოქმი N1) განიხილა შპს ----- 2017 წლის 22 დეკემბრის საჩივარი, რომლითაც გადამხდელი არ ეთანხმება 2017 წლის 8 დეკემბრის N006-784 „საგადასახადო მოთხოვნით“ დარიცხულ თანხებს.
საჩივარში აღნიშნულია, რომ შპს ----- არ ეთანხმება განხორციელებულ დარიცხვებს მოგების გადასახადის, დამატებული ღირებულების გადასახადისა და ქონების გადასახადის ნაწილში და გამოყოფს შემდეგ სადავო საკითხს:მომჩივანი აღნიშნავს, რომ კომპანიის დაფუძნებისას მისი კაპიტალი განისაზღვრა 200 ლარის ფულადი შენატანით. 2013 წლის 17 ოქტომბერს კომპანიის 100%-იანი დამფუძნებლის მიერ მოხდა საწესდებო კაპიტალის გაზრდა არაფულადი შენატანით-მიწის სახით, საბაზრო ღირებულებით 5 943 240 ლარი, რაც დადგინდა დამოუკიდებელი შემფასებლის მიერ. სწორედ ამ საბაზრო ფასით იქნა მიწის ღირებულება შეტანილი კომპანიის მიერ სარეალიზაციო ბინების თვითღირებულებაში, ხოლო შემმოწმებლის მიერ სსკ-ს 151-ე მუხლის 1-ლი ნაწილის საფუძველზე ბინების თვითღირებულებაში ჩართული მიწის ღირებულება დაკორექტირდა და გამოყენებულ იქნა მიწის თვითღირებულება/მიწის შესყიდვის ფასი- 3 294 915 ლარი. სსკ- ს 151-ე მუხლის 1-ლი და მე-2 ნაწილების შესაბამისად, აქტივების გადაცემა იურიდიული პირისთვის არ განიხილება მიწოდებად მხოლოდ იმ შემთხვევაში, თუ ეს გადაცემა ხორციელდება მასში 50% ან მეტი წილის (აქციების) სანაცვლოდ. მოცემულ შემთხვევაში დამფუძნებელი ფლობდა 100% წილს და მიწის შენატანის განხორციელების შემდგომ კვლავ 100% წილის მფლობელად დარჩა, შესაბამისად, სანაცვლოდ მიღებული წილის ოდენობა ვერ იქნება 50% ან მეტი. დამფუძნებლის მიერ საწესდებო კაპიტალში შეტანილი მიწა კომპანიის მიერ განხილულ იქნა როგორც აქტივის მიწოდება და დაექვემდებარა საბაზრო ფასით დაბეგვრას, რაც დასტურდება ასევე იმ ფაქტით, რომ 2013 წელს დაფუძნებულ კომპანიას აქტივის მიწოდებისას ერთობლივ შემოსავალში ჩართული აქვს აქტივის მიწოდების შედეგად მიღებული ნამეტი შემოსავალი-სხვაობა მიწის საბაზრო ღირებულებასა და მის თვითღირებულებას შორის. შემმოწმებელთა მიერ არ იქნა შემცირებული კომპანიის ერთობლივი შემოსავალი.
საქმის ირგვლივ არსებული მასალებით ირკვევა, რომ შემოსავლების სამსახურის 2017 წლის 27 აგვისტოს N22527 ბრძანების საფუძველზე, ჩატარდა შპს ----- საქმიანობის საგადასახადო შემოწმება. შემოწმების შედეგებზე 2017 წლის 6 დეკემბერს შედგა საგადასახადო შემოწმების აქტი, რის საფუძველზეც გამოიცა 2017 წლის 8 დეკემბრის N33011 ბრძანება და გადამხდელს წარედგინა N006-784 საგადასახადო მოთხოვნა. გადამხდელის საგადასახადო ვალდებულება დამატებით განისაზღვრა სულ 328 504 ლარი, მათ შორის: ძირითადი გადასახადი 58 257 ლარი, ჯარიმა 210 341 ლარი, ხოლო საურავი 59 906 ლარი.
შემოსავლების სამსახურის დავების განხილვის საბჭო მიუთითებს საქართველოს საგადასახადო კოდექსის 151-ე მუხლზე, რომლის თანახმად:1. პირის (პირთა) მიერ იურიდიული პირისათვის მასში 50 პროცენტის ან მეტი წილის (აქციების) სანაცვლოდ აქტივების გადაცემა (დავალიანებით ან მის გარეშე) არ არის აქტივების მიწოდება.2. ამ მუხლის პირველი ნაწილით გათვალისწინებულ შემთხვევაში მიმღები მხარისათვის აქტივების ღირებულება იგივეა, რაც მიმწოდებელი მხარისათვის მათი ღირებულება გადაცემის მომენტისათვის.3. ამ მუხლის პირველ ნაწილში აღნიშნული გაცვლის შედეგად მიღებული პარტნიორის წილის ღირებულება ტოლია გადაცემული აქტივების ღირებულებისა, გადაცემული (შესაბამისი) დავალიანების გამოკლებით.სსკ-ის 148-ე მუხლის თანახმად:1. აქტივების ღირებულებაში შეიტანება მათი შესყიდვის, წარმოების, მშენებლობის, მონტაჟისა და დადგმის ხარჯები (დანახარჯები), აგრეთვე სხვა ხარჯები (დანახარჯები), რომლებიც ზრდის მათ ღირებულებას, გარდა ისეთი ხარჯებისა (დანახარჯებისა), რომელთა პირდაპირ გამოქვითვის უფლება აქვს გადასახადის გადამხდელს, ხოლო აქტივების უსასყიდლოდ მიღებისას – ამ აქტივების საბაზრო ფასი.2. აქტივების მხოლოდ ნაწილის მიწოდების ან გადაცემის შემთხვევაში აქტივების ღირებულება მიწოდების ან გადაცემის მომენტში ნაწილდება დარჩენილ და მიწოდებულ ან გადაცემულ ნაწილებს შორის.შემოსავლების სამსახურის დავების განხილვის საბჭო აღნიშნავს, რომ დამფუნებლის (100%-იანი წილის მფლობელი) მიერ 2013 წელს მიწა შეტანილია შპს ----- საწესდებო კაპიტალში, რომელიც დამოუკიდებელი ექსპერტის მიერ შეფასებული საბაზრო ღირებულებით 5 943 240 ლარად, ხოლო დამფუძნებელს აღნიშნული მიწა შესყიდული აქვს 3 294 915 ლარად. საბჭო აღნიშნავს, რომ შპს ----- ითხოვს სარეალიზაციო კორპუსის თვითღირებულებაში გათვალისწინებული იქნას საწესდებო კაპიტალში შეტანილი მიწის საბაზრო ღირებულება 5 943 240 ლარის ოდენობით და განხორციელდეს შესაბამისი კორექტირება.დავების განხილვის საბჭო აღნიშნავს, რომ სსკ-ის 151-ე მუხლში აღნიშნულია: პირის მიერ იურიდიული პირისათვის მასში 50 პროცენტის ან მეტი წილის (აქციების) სანაცვლოდ აქტივების გადაცემისას მიმღები მხარისათვის აქტივების ღირებულება იგივე უნდა იყოს, რაც მიმწოდებელი მხარისათვის მათი ღირებულება გადაცემის მომენტისათვის. საბჭო განმარტავს, რომ სარეალიზაციო კორპუსის თვითღირებულებაში გათვალისწინებულია მიწის ხარჯი, დამფუძნებლის მიერ აღნიშნული მიწის შესყიდვის ღირებულებით.ყოველივე ზემოაღნიშნულიდან გამომდინარე, შემოსავლების სამსახურის დავების განხილვის საბჭო მიიჩნევს, რომ საგადასახადო კანონმდებლობის შესაბამისად განხორციელდა საგადასახადო ვალდებულების განსაზღვრა, ხოლო საჩივარი სადავო საკთხთან დაკავშირებით დაუსაბუთებელი, რის გამოც საჩივარი აღნიშნულ ნაწილში არ უნდა დაკმაყოფილდეს.
საქართველოს საგადასახადო კოდექსის 304-ე მუხლის საფუძველზე,
ვ ბ რ ძ ა ნ ე ბ : 1. შპს ----- ს 2017 წლის 22 დეკემბრის საჩივარი სადავო საკითხთან დაკავშირებით არ დაკმაყოფილდეს;2. აღნიშნული გადაწყვეტილება შეიძლება გასაჩივრდეს საქართველოს ფინანსთა სამინისტროსთან არსებულ დავების განხილვის საბჭოში (მის: ქ. თბილისი, ვ. გორგასლის ქ. N16) ან სასამართლოში (მის: ქ. თბილისი, დავით აღმაშენებლის ხეივანი N6, მე-12 კილომეტრი), საქართველოს საგადასახადო კოდექსის XIV კარით დადგენილი წესის შესაბამისად, ამ გადაწყვეტილების ჩაბარებიდან 20 კალენდარული დღის ვადაში.",,საჩივრის არ დაკმაყოფილების თაობაზე,,,,,,,,,,,,,,,,,,,,,,,,,,,,,,,,
ბრძანება N 1102-1,მიღების თარიღი: 29 იანვარი 2021,დოკუმენტის #: 1102-1,დოკუმენტის ტიპი: შემოსავლების სამსახურის დავების გადაწყვეტილება,კატეგორია: საგადასახადო/საბაჟო დავა,https://infohub.rs.ge/ka/workspace/document/006053a4-4bca-4b3a-bf69-f173cb322d4c,08 დეკემბერი 2022,"",,ნაწილობრივ დაკმაყოფილების თაობაზე,შესაბამის საანგარიშო პერიოდში მოქმედი:,,,,,,,,,,,,,,,,,,,,,,,,,,,,,,,
ბრძანება N 1102-2,მიღების თარიღი: 29 იანვარი 2021,დოკუმენტის #: 1102-2,დოკუმენტის ტიპი: შემოსავლების სამსახურის დავების გადაწყვეტილება,კატეგორია: საგადასახადო/საბაჟო დავა,https://infohub.rs.ge/ka/workspace/document/187b56bd-844a-449a-8e4e-d4072a420256,08 დეკემბერი 2022,"ბრძანება N 110229/01/2021


შპს ----- (მის.: ქ. ------- )სადავო საკითხთან დაკავშირებით საჩივრის დაკმაყოფილებაზე უარის თქმის თაობაზე

შემოსავლების სამსახურმა დავების განხილვის საბჭოს 2020 წლის 09 სექტემბერს და 21 დეკემბერს გამართულ სხდომებზე (ოქმი №65, №100) განიხილა შპს ----- ს 2020 წლის 29 იანვრის №18658/21 საჩივარი, შემოსავლების სამსახურის აუდიტის დეპარტამენტის 2019 წლის 31 დეკემბრის №002-548 საგადასახადო მოთხოვნასთან დაკავშირებით. გადასახადის გადამხდელის პოზიცია:არ ეთანხმება სესხზე დარიცხული პროცენტის/სარგებლის თანხით ერთობლივი შემოსავლის გაზრდას და წარმოდგენილ საჩივარში განმარტავს, რომ კომპანია ზედმეტად გაცემულ დივიდენდს მის დაბრუნებამდე განიხილავდა უპროცენტო სესხად, შესაბამისად, კომპანია წინა წლის ეროვნული ბანკის მიერ გამოქვეყნებული წლიური საშუალო საპროცენტო განაკვეთით აღიარებდა ერთობლივ შემოსავლებში. აღნიშნულ ნაწილში, კომპანია საგადასახადო ვალდებულებების განსაზღვრის მიზნით მსგავსად შემმოწმებლისა ხელმძღვანელობდა შემოსავლების სამსახურის უფროსის ბრძანებით დამტკიცებული „საგადასახადო შემოწმებისას გასატარებელი ღონისძიებების სახელმძღვანელოს“ №0102 სიტუაციური სახელმძღვანელოს შესაბამისად. ამდენად, გადამხდელისთვის უცნობია თუ რა გახდა 2015-2016 წლებში ამ ნაწილში განსხვავების მიზეზი (შემმოწმებლის მიერ არ არის წარდგენილი გაანგარიშებები და გადამხდელისთვის უცნობია განსხვავების წარმოქმნის მიზეზი). კომპანია საგადასახადო კანონმდებლობისა და დამკვიდრებული პრაქტიკის სრული დაცვით ახორციელებდა სესხის პროცენტის ასახვას ერთობლივ შემოსავალში. შესაბამისად, ამ ნაწილში დამატებით განსაზღვრული საგადასახადო ვალდებულებები უნდა დაექვემდებაროს გაუქმებას.
ფაქტობრივი გარემოებები: საქმეში არსებული მასალებით ირკვევა, რომ შემოსავლების სამსახურის აუდიტის დეპარტამენტის 2018 წლის 13 აპრილის №8603 ბრძანების საფუძველზე განხორციელდა შპს ----- ს საქმიანობის გასვლითი საგადასახადო შემოწმება. შესამოწმებელი პერიოდი განისაზღვრა 2014 წლის 22 დეკემბრიდან 2016 წლის 31 დეკემბრამდე საანგარიშო პერიოდი. შემოწმების შედეგებზე, 2019 წლის 30 დეკემბერს შედგა საგადასახადო შემოწმების შუალედური აქტი, რომლის საფუძველზეც გამოიცა 2019 წლის 31 დეკემბრის №47618 ბრძანება და გადამხდელს წარედგინა ამავე თარიღის №002-548 საგადასახადო მოთხოვნა. გადასახადის გადამხდელის საგადასახადო ვალდებულება დამატებით განისაზღვრა სულ 2 137 533 ლარით, მათ შორის: გადასახადი 1 304 163 ლარი, ჯარიმა 275 253 ლარი, საურავი 558 117 ლარი. სადავო საკითხთან დაკავშირებით, აუდიტის დეპარტამენტის მიერ წარმოდგენილი ინფორმაციისა და საგადასახადო შემოწმების შუალედური აქტის მიხედვით დარიცხვა გამოწვეულია შემდეგი გარემოებებით: შესამოწმებელ პერიოდში (2015-2016 წლებში) კომპანიას რეგულარულად უფიქსირდება შუალედური დივიდენდის განაწილება (დამფუძნებელია შპს ----- ს ასეთი ფორმით გაცემული დივიდნდი ყოველთვის აღემატება საანგარიშო წლის ბოლოს ფაქტობრივად მიღებულ ფინანსურ მოგებას. გამოვლენილი სხვაობა (განაწილებულ შუალედურ მოგებას - ფაქტობრივად მიღებული ფინანსური მოგება) დამფუძნებლისგან კომპანიას უბრუნდება შემდეგი საანგარიშო პერიოდის (წლის) განმავლობაში. 2015-2016 წლების საანგარიშო პერიოდებზე წარმოდგენილი მოგების გადასახადის დეკლარაციის ანალიზის შედეგად კომპანიის ერთობლივ შემოსავალში ასახულია ზემოაღნიშნული სხვაობის უპროცენტო სესხად განხილვის შედეგად გამოანგარიშებული სარგებელი. კერძოდ, 2015 წელს 354 467 ლარი, 2016 წელს 1 062 895 ლარი. საგადასახადო შემოწმებით, გაანგარიშების შედეგად უპროცენტო სესხად განხილვის შემთხვევაში გამოანგარიშებული პროცენტი შეადგენს 2015 წელს 449 676 ლარს, 2016 წელს 1 313 950 ლარს. შემოწმებით, შემოსავლების სამსახურის უფროსის ბრძანებით დამტკიცებული „საგადასახადო შემოწმებისას გასატარებელი ღონისძიებების სახელმძღვანელოს“ №0102 სიტუაციური სახელმძღვანელოსა და საქართველოს საგადასახადო კოდექსის მე-100 და 102-ე მუხლების შესაბამისად გაიზარდა დასაბეგრი მოგების ოდენობა.გადამხდელს დაერიცხა გადასახადი და ჯარიმა საქართველოს საგადასახადო კოდექსის 275-ე მუხლის მიხედვით.
შემოსავლების სამსახურმა განიხილა წარმოდგენილი საჩივარი და მიიჩნია, რომ სადავო საკითხთან დაკავშირებით საჩივარი არ უნდა დაკმაყოფილდეს შემდეგ გარემოებათა გამო: სადავო საკითხთან დაკავშირებით შემოსავლების სამსახური მიუთითებს საქართველოს საგადასახადო კოდექსის 136-ე მუხლის პირველ ნაწილზე, რომლის თანახმად, გადასახადის გადამხდელი ვალდებულია სწორად და დროულად აღრიცხოს შემოსავლები და ხარჯები დოკუმენტურად დადასტურებულ მონაცემთა საფუძველზე, ამ თავით გათვალისწინებული მეთოდების გამოყენებით და მიაკუთვნოს იმ საანგარიშო პერიოდს, რომელშიც მოხდა მათი მიღება და გაწევა.საქართველოს საგადასახადო კოდექსის მე-100 მუხლის პირველი ნაწილის თანახმად, რეზიდენტის ერთობლივი შემოსავალი შედგება საქართველოში არსებული წყაროდან და საქართველოს ფარგლების გარეთ მიღებული შემოსავლებისაგან. ხოლო, ამავე მუხლის მე-3 ნაწილის „ბ“ ქვეპუნქტის თანახმად, ერთობლივ შემოსავალს განეკუთვნება ეკონომიკური საქმიანობით მიღებული შემოსავლები, რომლებიც დაკავშირებული არ არის დაქირავებით მუშაობასთან.საქართველოს საგადასახადო კოდექსის 102-ე მუხლის პირველი ნაწილის „ვ“ ქვეპუნქტის თანახმად, ეკონომიკური საქმიანობით მიღებულ შემოსავლებს განეკუთვნება პროცენტების სახით მიღებული   შემოსავლები,   გარდა   ფიზიკური   პირის   მიერ   ბანკებსა   და   სხვა   საკრედიტო დაწესებულებებში დეპოზიტებსა და ანაბრებზე ფულადი სახსრების განთავსებიდან პროცენტის სახით მიღებული შემოსავლისა.ამავე კოდექსის მე-8 მუხლის 43-ე ნაწილის თანახმად, წმინდა მოგება არის მოგება, რომელიც შესაძლებელია განაწილდეს დივიდენდის სახით, საქართველოს კანონმდებლობით დადგენილი წესით. ხოლო, ამავე მუხლის მე-12 ნაწილის თანახმად, დივიდენდი არის აქციონერის/მოწილის მიერ აქციებიდან ან უფლებებიდან (წილებიდან) მიღებული (მათ შორის, პრივილეგირებული აქციებიდან პროცენტის სახით მიღებული) ნებისმიერი შემოსავალი, რომელიც მიიღება მოგების განაწილების შედეგად და რომელსაც იურიდიული პირი უნაწილებს აქციონერებს/მოწილეებს, კაპიტალში მათი კუთვნილი აქციების/უფლებების პროპორციულად ან პროპორციის დაცვის გარეშე.დადგენილია, რომ შესამოწმებელ პერიოდში კომპანიას რეგულარულად უფიქსირდება შუალედური  დივიდენდის  განაწილება  (დამფუძნებელია  შპს ----- ). ასეთი ფორმით გაცემული დივიდენდი ყოველთვის აღემატება საანგარიშო წლის ბოლოს ფაქტობრივად მიღებულ ფინანსურ მოგებას. გამოვლენილი სხვაობა დამფუძნებლისგან კომპანიას უბრუნდება შემდეგი საანგარიშო პერიოდის (წლის) განმავლობაში. საგადასახადო შემოწმებით, შემოსავლების სამსახურის უფროსის ბრძანებით დამტკიცებული „საგადასახადო შემოწმებისას გასატარებელი ღონისძიებების სახელმძღვანელოს“ №0102 სიტუაციური სახელმძღვანელოსა და საქართველოს საგადასახადო კოდექსის მე-100 და 102-ე მუხლების გათვალისწინებით უპროცენტო სესხად განხილვის შემთხვევაში გამოანგარიშებულმა პროცენტის თანხამ შეადგინა 2015 წელს - 449 676 ლარი, 2016 წელს - 1 313 950 ლარი. შესაბამისად, შემოწმებით, კომპანიის მიერ ზედმეტად გაცემული თანხა გაცემის თარიღიდან განხილულია უპროცენტოდ გაცემულ სესხად და გავრცელებულია ეროვნული ბანკის მიერ შესაბამის პერიოდზე (თვეზე) გამოქვეყნებული საბაზრო საპროცენტო განაკვეთი.ზემოაღნიშნულ ნორმებზე დაყრდნობით, წარმოდგენილი არგუმენტებისა და მტკიცებულებების გათვალისწინებით, შემოსავლების სამსახურმა მიიჩნია, რომ საგადასახადო შემოწმების შედეგად საგადასახადო ვალდებულებები განსაზღვრულია კანონმდებლობის შესაბამისად, გადასახადის გადამხდელის საჩივარი აღნიშნულ ნაწილში დაუსაბუთებელია და არ უნდა დაკმაყოფილდეს.
საქართველოს საგადასახადო კოდექსის 304-ე მუხლის საფუძველზე,
ვ ბ რ ძ ა ნ ე ბ : 1. შპს ----- ს საჩივარი სადავო საკითხთან დაკავშირებით არ დაკმაყოფილდეს;2. აღნიშნული გადაწყვეტილება შეიძლება გასაჩივრდეს საქართველოს ფინანსთა სამინისტროსთან არსებულ დავების განხილვის საბჭოში (მის.: ქ. თბილისი, ვახტანგ გორგასლის ქ. №16) ან სასამართლოში (მის.: ქ. თბილისი, დავით აღმაშენებლის ხეივანი №64), საქართველოს საგადასახადო კოდექსის XIV კარით დადგენილი წესის შესაბამისად, ამ გადაწყვეტილების ჩაბარებიდან 20 კალენდარული დღის ვადაში.","ზემოაღნიშნულ ნორმებზე დაყრდნობით, წარმოდგენილი არგუმენტებისა და მტკიცებულებების გათვალისწინებით, შემოსავლების სამსახურმა მიიჩნია, რომ საგადასახადო შემოწმების შედეგად საგადასახადო ვალდებულებები განსაზღვრულია კანონმდებლობის შესაბამისად, გადასახადის გადამხდელის საჩივარი აღნიშნულ ნაწილში დაუსაბუთებელია და არ უნდა დაკმაყოფილდეს.",დაკმაყოფილებაზე უარის თქმის თაობაზე,,,,,,,,,,,,,,,,,,,,,,,,,,,,,,,,
ბრძანება N 1102-3,მიღების თარიღი: 29 იანვარი 2021,დოკუმენტის #: 1102-3,დოკუმენტის ტიპი: შემოსავლების სამსახურის დავების გადაწყვეტილება,კატეგორია: საგადასახადო/საბაჟო დავა,https://infohub.rs.ge/ka/workspace/document/5394c6b6-ec66-447b-b0e5-917b8f109e21,08 დეკემბერი 2022,"ბრძანება N 110229/01/2021


შპს ----- (მის.: ქ. ------- )სადავო საკითხთან დაკავშირებით საჩივრის დაკმაყოფილებაზე უარის თქმის თაობაზე

შემოსავლების სამსახურმა დავების განხილვის საბჭოს 2020 წლის 09 სექტემბერს და 21 დეკემბერს გამართულ სხდომებზე (ოქმი №65, №100) განიხილა შპს ----- ს 2020 წლის 29 იანვრის №18658/21 საჩივარი, შემოსავლების სამსახურის აუდიტის დეპარტამენტის  2019 წლის  31 დეკემბრის №002-548 საგადასახადო მოთხოვნასთან დაკავშირებით. გადასახადის გადამხდელის პოზიცია:ითხოვს 2015 წლის ერთობლივი შემოსავლიდან გამოსაქვითი ხარჯის გაზრდას. კერძოდ, კომპანიის 2015 წლის მოგების დეკლარაციის 29-ე გრაფაში - „სხვა გამოქვითვები“ შემცირებულია 1 947 428 ლარით, რაც წარმოადგენს არარეზიდენტი პირებისთვის გადასახდელ მომსახურების საფასურს და რომელიც გამოიქვითება საქართველოს საგადასახადო კოდექსის 142-ე მუხლის მე-4 ნაწილის თანახმად საკასო მეთოდით. შესაბამისად, ამ თანხით კომპანიის მიერ შემცირებულ იქნა გამოსაქვითი ხარჯი.
ფაქტობრივი გარემოებები: საქმეში არსებული მასალებით ირკვევა, რომ შემოსავლების სამსახურის აუდიტის დეპარტამენტის 2018 წლის 13 აპრილის №8603 ბრძანების საფუძველზე განხორციელდა შპს ----- ს საქმიანობის გასვლითი საგადასახადო შემოწმება. შესამოწმებელი პერიოდი განისაზღვრა 2014 წლის 22 დეკემბრიდან 2016 წლის 31 დეკემბრამდე საანგარიშო პერიოდი. შემოწმების შედეგებზე, 2019 წლის 30 დეკემბერს შედგა საგადასახადო შემოწმების შუალედური აქტი, რომლის საფუძველზეც გამოიცა 2019 წლის 31 დეკემბრის №47618 ბრძანება და გადამხდელს წარედგინა ამავე თარიღის №002-548 საგადასახადო მოთხოვნა. გადასახადის გადამხდელის საგადასახადო ვალდებულება დამატებით განისაზღვრა სულ 2 137 533 ლარით, მათ შორის: გადასახადი 1 304 163 ლარი, ჯარიმა 275 253 ლარი, საურავი 558 117 ლარი.
სადავო საკითხთან დაკავშირებით, აუდიტის დეპარტამენტის მიერ წარმოდგენილი ინფორმაციისა და საგადასახადო შემოწმების შუალედური აქტის მიხედვით დარიცხვა გამოწვეულია შემდეგი გარემოებებით:სადავო საკითხთან დაკავშირებით საგადასახადო შემოწმების შედეგად დამატებითი ვალდებულებები განსაზღვრული არ არის. შემოსავლების სამსახურმა განიხილა წარმოდგენილი საჩივარი და მიიჩნია, რომ სადავო საკითხთან დაკავშირებით საჩივარი არ უნდა დაკმაყოფილდეს შემდეგ გარემოებათა გამო:შემოსავლების სამსახური მიუთითებს საქართველოს საგადასახადო კოდექსის 136-ე მუხლის მე-3 ნაწილის თანახმად, გადასახადის გადამხდელი ვალდებულია სრულად აღრიცხოს თავის საქმიანობასთან დაკავშირებული ყველა ოპერაცია, რათა გარანტირებული იყოს კონტროლი მათ დაწყებაზე, მიმდინარეობასა და დასრულებაზე.საქართველოს საგადასახადო კოდექსის 142-ე მუხლის მე-4 ნაწილის „ბ“ ქვეპუნქტის თანახმად, მიუხედავად ამ მუხლის პირველი–მე-3 ნაწილებისა, თუ პირი, გარდა ლიცენზირებული ფინანსური ინსტიტუტისა, იყენებს დარიცხვის მეთოდს, ხარჯების გაწევის მომენტად ითვლება თანხის გადახდის მომენტი, როდესაც მიღებული მომსახურებისათვის საკომპენსაციო თანხის გადახდა უკავშირდება არარეზიდენტ საწარმოს, რომელიც არ მიეკუთვნება არარეზიდენტის მუდმივ დაწესებულებას საქართველოში.მომჩივანი ითხოვს 2015 წლის ერთობლივი შემოსავლიდან გამოსაქვითი ხარჯის გაზრდას და მიუთითებს, რომ აღნიშნული წარმოადგენს არარეზიდენტებისათვის გადასახდელი მომსახურების საფასურს, თუმცა აღნიშნულ სადავო საკითხთან მიმართებაში დავის წარმოების პროცესში არ იქნა წარმოდგენილი შესაბამისი მტკიცებულებები.ყოველივე ზემოაღნიშნულის გათვალისწინებით, შემოსავლების სამსახურმა მიიჩნია, რომ შემოწმების შედეგად საგადასახადო ვალდებულებები განსაზღვრულია მართლზომიერად, წარმოდგენილი საჩივარი განსახილველ სადავო საკითხთან მიმართებაში დაუსაბუთებელია და არ უნდა დაკმაყოფილდეს.
საქართველოს საგადასახადო კოდექსის 304-ე მუხლის საფუძველზე,
ვ ბ რ ძ ა ნ ე ბ :
1. შპს ----- ს საჩივარი სადავო საკითხთან დაკავშირებით არ დაკმაყოფილდეს;2. აღნიშნული გადაწყვეტილება შეიძლება გასაჩივრდეს საქართველოს ფინანსთა სამინისტროსთან არსებულ დავების განხილვის საბჭოში (მის.: ქ. თბილისი, ვახტანგ გორგასლის ქ. №16) ან სასამართლოში (მის.: ქ. თბილისი, დავით აღმაშენებლის ხეივანი №64), საქართველოს საგადასახადო კოდექსის XIV კარით დადგენილი წესის შესაბამისად, ამ გადაწყვეტილების ჩაბარებიდან 20 კალენდარული დღის ვადაში.","საქართველოს საგადასახადო კოდექსის 304-ე მუხლის საფუძველზე,",დაკმაყოფილებაზე უარის თქმის თაობაზე,,,,,,,,,,,,,,,,,,,,,,,,,,,,,,,,
ბრძანება N 45569-1,მიღების თარიღი: 24 დეკემბერი 2019,დოკუმენტის #: 45569-1,დოკუმენტის ტიპი: შემოსავლების სამსახურის დავების გადაწყვეტილება,კატეგორია: საგადასახადო/საბაჟო დავა,https://infohub.rs.ge/ka/workspace/document/e3c98749-e94f-415c-bc05-a4be9e59e647,12 დეკემბერი 2022,"ბრძანება N 4556924/12/2019 


შპს -----(მის: -------)სადავო საკითხთან დაკავშირებით საჩივრისდაკმაყოფილებაზე უარის თქმის თაობაზე

სსიპ შემოსავლების სამსახურმა განიხილა შპს ----- 2019 წლის 30 აპრილის №85383/21 საჩივარი, რომლითაც გადასახადის გადამხდელი არ ეთანხმება შემოსავლების სამსახურის აუდიტის დეპარტამენტის 2019 წლის 02 აპრილის №094-35 საგადასახადო მოთხოვნას. აღნიშნული საკითხი განხილული იქნა შემოსავლების სამსახურის დავების განხილვის საბჭოს 2019 წლის 05 დეკემბრის სხდომაზე (ოქმი №87).
გადასახადის გადამხდელი არ ეთანხმება საგადასახადო შემოწმების შედეგებს, კერძოდ:შეძენილ და ფაქტობრივად მიღებულ საწვავის რაოდენობას შორის გამოვლენილ ზღვრულ ოდენობაზე მეტი დანაკლისით ერთობლივი შემოსავლის გაზრდას და აცხადებს, რომ იმპორტისას განბაჟება ხდება ტრანსპორტირების დასრულების შემდგომ არსებული ფაქტიური რაოდენობის (დანაკლისის გამოკლებით) და მომწოდებლის მიერ გამოწერილი პირველადი საინვოისო ღირებულებით. აღნიშნულიდან გამომდინარე, საბაჟო დეკლარაციაში ფაქტობრივად მიღებული საქონლის ღირებულებად ფიქსირდება პირველადი საინვოისო ღირებულება, რაც იმას ნიშნავს, რომ რა ღირებულებითაც მოხდა შესყიდვა, იმ ღირებულებით მოხდა განბაჟება, ამდენად, ზღვრულ ოდენობაზე მეტი რაოდენობის დანაკლისი თანხობრივად დეკლარირებულია და ამ ნაწილში დარიცხული თანხები უნდა შემცირდეს;გადასახადის გადამხდელმა 2019 წლის 22 ნოემბერს დამატებით წარმოადგინა დოკუმენტაცია/ინფორმაცია სადავო საკითხთან დაკავშირებით.ზემოაღნიშნულიდან გამომდინარე, გადასახადის გადამხდელი ითხოვს დარიცხული თანხების კორექტირებას (შემცირებას).
შემოსავლების სამსახურმა განიხილა წარმოდგენილი საჩივარი და მიიჩნია, რომ სადავო საკითხთან დაკავშირებით იგი არ უნდა დაკმაყოფილდეს შემდეგ გარემოებათა გამო:საქმის ირგვლივ არსებული მასალებით ირკვევა, რომ 2018 წლის 05 დეკემბრის №34734 ბრძანების საფუძველზე ჩატარდა შპს ----- საქმიანობის გასვლითი სრული საგადასახადო შემოწმება. შემოწმების შედეგებზე 2019 წლის 01 აპრილს შედგენილი იქნა საგადასახადო შემოწმების აქტი, გამოიცა 2019 წლის 02 აპრილის №8929 ბრძანება და ამავე თარიღის №094-35 საგადასახადო მოთხოვნა, რომლის მიხედვით გადასახადის გადამხდელს ბიუჯეტში დამატებით გადასახდელად განესაზღვრა სულ 2 551 251,56 ლარი, მათ შორის, გადასახადი 1 749 690 ლარი, ჯარიმა 793 654 ლარი, საურავი 7 707,56 ლარი.
საჩივარში დასმულ სადავო საკითხთან მიმართებაში საგადასახადო შემოწმების აქტში აღნიშნულია, რომ:„საზოგადოება საქონლის ტრანსპორტირებას ახდენს საზღვაო ტრანსპორტის (გემის) საშუალებით. შემოწმების მიერ მოხდა საზოგადოების პირველადი სააღრიცხვო დოკუმენტაციის ანალიზი, რის შედეგადაც შეძენილ და ფაქტობრივად მიღებულ საწვავის რაოდენობას შორის გამოვლინდა ზღვრულ ოდენობაზე მეტი რაოდენობის დანაკლისი.სსკ-ის 983-ე მუხლის მე-2 ნაწილის შესაბამისად აღნიშნული დაექვემდებარა მოგების გადასახადით დაბეგვრას. (ასევე, გაზრდას დაექვემდებარა 2016 წლის ერთობლივი შემოსავალი) საზოგადოებას დაერიცხა მოგების გადასახადი და ჯარიმა სსკ-ის 275-ე მუხლის შესაბამისად.“
სადავო საკითხების განხილვის საფუძველზე, შემოსავლების სამსახური მიუთითებს საქართველოს ზოგადი ადმინისტრაციული კოდექსის მე-60 პრიმა მუხლის პირველ ნაწილზე, რომლის თანახმად, ადმინისტრაციულ-სამართლებრივი აქტი ბათილია, თუ იგი ეწინააღმდეგება კანონს ან არსებითად დარღვეულია მისი მომზადების ან გამოცემის კანონმდებლობით დადგენილი სხვა მოთხოვნები. ამავე მუხლის მეორე ნაწილის თანახმად, ადმინისტრაციულ-სამართლებრივი აქტის მომზადების ან გამოცემის წესის არსებით დარღვევად ჩაითვლება ადმინისტრაციულ-სამართლებრივი აქტის გამოცემა ამ კოდექსის 32-ე ან 34-ე მუხლით გათვალისწინებული  წესის  დარღვევით  ჩატარებულ  სხდომაზე  ან  კანონით გათვალისწინებული ადმინისტრაციული წარმოების სახის დარღვევით, ანდა კანონის ისეთი დარღვევა, რომლის არარსებობის შემთხვევაში მოცემულ საკითხზე მიღებული იქნებოდა სხვაგვარი გადაწყვეტილება.შემოსავლების სამსახური მიუთითებს საქართველოს საგადასახადო კოდექსის 73-ე მუხლის მე-9 ნაწილზე, რომლის თანახმად, საგადასახადო ვალდებულების განსაზღვრის მიზნით, საგადასახადო ორგანოს უფლება აქვს: ა) მხედველობაში არ მიიღოს სამეურნეო ოპერაციები, რომლებსაც არა აქვს არსებითი ეკონომიკური გავლენა;ბ) სამეურნეო ოპერაციის ფორმისა და შინაარსის გათვალისწინებით შეცვალოს მისი კვალიფიკაცია, თუ ოპერაციის ფორმა არ შეესაბამება მის შინაარსს.საქართველოს საგადასახადო კოდექსის 983-ე მუხლის პირველი და მეორე ნაწილების თანახმად, ამ მუხლის მიზნებისათვის საქონლის მიწოდება ან მომსახურების გაწევა, რომლის მიზანი არ არის მოგების, შემოსავლის ან კომპენსაციის მიღება, უსასყიდლოდ მიწოდებად ითვლება. ამ კოდექსით გათვალისწინებული სასაქონლო-მატერიალური ფასეულობის ან/და ძირითადი საშუალების დანაკლისი ითვლება მისი გამოვლენის მომენტში ამ საქონლის უსასყიდლოდ მიწოდებად.საქართველოს სამოქალაქო კოდექსის 129-ე მუხლის პირველი ნაწილის შესაბამისად, სახელშეკრულებო მოთხოვნების ხანდაზმულობის ვადა შეადგენს სამ წელს.საქართველოს საგადასახადო კოდექსის 100-ე მუხლის პირველი ნაწილის თანახმად, რეზიდენტის ერთობლივი შემოსავალი შედგება საქართველოში არსებული წყაროდან და საქართველოს ფარგლების გარეთ მიღებული შემოსავლებისაგან. ამავე მუხლის მესამე ნაწილის თანახმად, ერთობლივ შემოსავალს განეკუთვნება ნებისმიერი ფორმით ან/და საქმიანობით მიღებული შემოსავალი, კერძოდ: ა) ხელფასის სახით მიღებული შემოსავლები; ბ) ეკონომიკური საქმიანობით მიღებული შემოსავლები, რომლებიც დაკავშირებული არ არის დაქირავებით მუშაობასთან; გ) სხვა შემოსავლები, რომლებიც დაკავშირებული არ არის დაქირავებით მუშაობასთან და ეკონომიკურ საქმიანობასთან.შემოსავლების სამსახური მიუთითებს საქართველოს საგადასახადო კოდექსის 269-ე მუხლის პირველ ნაწილზე, რომლის თანახმად, საგადასახადო სამართალდარღვევად ითვლება პირის მართლსაწინააღმდეგო ქმედება (მოქმედება ან უმოქმედობა), რომლისთვისაც ამ კოდექსით გათვალისწინებულია პასუხისმგებლობა.სსკ-ის 286-ე მუხლის მე-9 ნაწილის თანახმად, გადასახადის გადამხდელთან ამ კოდექსით გათვალისწინებული დანაკლისის გამოვლენა ითვლება მისი აღმოჩენის მომენტში საბაზრო ფასით განხორციელებულ მიწოდებად.ზემოაღნიშნულ ნორმებზე, საქმის ირგვლივ არსებულ მასალებსა და ფაქტობრივ გარემოებებზე დაყრდნობით, ასევე, ზეპირი განხილვისას გამოთქმულ მოსაზრებებზე დაყრდნობით, შემოსავლების სამსახურმა სადავო საკითხთან დაკავშირებით მიიჩნია, რომ აუდიტის დეპარტამენტის მიერ საგადასახადო შემოწმებით განხორციელებული დარიცხვა შესაბამისობაშია საგადასახადო კანონმდებლობის მოთხოვნებთან, ხოლო წარმოდგენილი საჩივარი დაუსაბუთებელია და არ არსებობს მისი დაკმაყოფილების სამართლებრივი საფუძვლები.
აღნიშნულიდან გამომდინარე, საქართველოს საგადასახადო კოდექსის 304-ე მუხლის საფუძველზე,
ვ ბ რ ძ ა ნ ე ბ :
1. შპს ----- 2019 წლის 30 აპრილის საჩივარი სადავო საკითხთან დაკავშირებით არ დაკმაყოფილდეს;2. აღნიშნული გადაწყვეტილება შეიძლება გასაჩივრდეს საქართველოს ფინანსთა სამინისტროსთან არსებულ დავების განხილვის საბჭოში (მის: ქ. თბილისი, ვ. გორგასლის ქ. N16) ან სასამართლოში (მის: ქ. თბილისი, დავით აღმაშენებლის ხეივანი №64), საქართველოს საგადასახადო კოდექსის XIV კარით დადგენილი წესის შესაბამისად, ამ გადაწყვეტილების ჩაბარებიდან 20 კალენდარული დღის ვადაში.","საქართველოს საგადასახადო კოდექსის 983-ე მუხლის პირველი და მეორე ნაწილების თანახმად, ამ მუხლის მიზნებისათვის საქონლის მიწოდება ან მომსახურების გაწევა, რომლის მიზანი არ არის მოგების, შემოსავლის ან კომპენსაციის მიღება, უსასყიდლოდ მიწოდებად ითვლება. ამ კოდექსით გათვალისწინებული სასაქონლო-მატერიალური ფასეულობის ან/და ძირითადი საშუალების დანაკლისი ითვლება მისი გამოვლენის მომენტში ამ საქონლის უსასყიდლოდ მიწოდებად.",დაკმაყოფილებაზე უარის თქმის თაობაზე,,,,,,,,,,,,,,,,,,,,,,,,,,,,,,,,
ბრძანება N 45569-2,მიღების თარიღი: 24 დეკემბერი 2019,დოკუმენტის #: 45569-2,დოკუმენტის ტიპი: შემოსავლების სამსახურის დავების გადაწყვეტილება,კატეგორია: საგადასახადო/საბაჟო დავა,https://infohub.rs.ge/ka/workspace/document/13e15b59-b990-476d-94e9-3e51e868f09d,12 დეკემბერი 2022,"ბრძანება N 4556924/12/2019


შპს -----(მის: -------)სადავო საკითხთან დაკავშირებით საჩივრისდაკმაყოფილებაზე უარის თქმის თაობაზე

სსიპ შემოსავლების სამსახურმა განიხილა შპს ----- 2019 წლის 30 აპრილის №85383/21 საჩივარი, რომლითაც გადასახადის გადამხდელი არ ეთანხმება შემოსავლების სამსახურის აუდიტის დეპარტამენტის 2019 წლის 02 აპრილის №094-35 საგადასახადო მოთხოვნას. აღნიშნული საკითხი განხილული იქნა შემოსავლების სამსახურის დავების განხილვის საბჭოს 2019 წლის 05 დეკემბრის სხდომაზე (ოქმი №87).
გადასახადის გადამხდელი არ ეთანხმება საგადასახადო შემოწმების შედეგებს, კერძოდ:გადამხდელი თანამშრომლებზე მიწოდებულ საქონლის (საწვავის) ჩამოწერასთან დაკავშირებით აცხადებს, რომ წარმოადგენს კომპანიის ეკონომიკური საქმიანობისთვის საკუთარი და იჯარით აღებული ავტომობილების საწვავის ხარჯვას ნორმების მიხედვით (ფინანსთა მინისტრის ბრძანება N230);გადასახადის გადამხდელმა 2019 წლის 22 ნოემბერს დამატებით წარმოადგინა დოკუმენტაცია/ინფორმაცია სადავო საკითხთან დაკავშირებით.ზემოაღნიშნულიდან გამომდინარე, გადასახადის გადამხდელი ითხოვს დარიცხული თანხების კორექტირებას (შემცირებას).
შემოსავლების სამსახურმა განიხილა წარმოდგენილი საჩივარი და მიიჩნია, რომსადავო საკითხთან დაკავშირებით იგი არ უნდა დაკმაყოფილდეს შემდეგ გარემოებათა გამო:საქმის ირგვლივ არსებული მასალებით ირკვევა, რომ 2018 წლის 05 დეკემბრის №34734 ბრძანების საფუძველზე ჩატარდა შპს ----- საქმიანობის გასვლითი სრული საგადასახადო შემოწმება. შემოწმების შედეგებზე 2019 წლის 01 აპრილს შედგენილი იქნა საგადასახადო შემოწმების აქტი, გამოიცა 2019 წლის 02 აპრილის №8929 ბრძანება და ამავე თარიღის №094-35 საგადასახადო მოთხოვნა, რომლის მიხედვით გადასახადის გადამხდელს ბიუჯეტში დამატებით გადასახდელად განესაზღვრა სულ 2 551 251,56 ლარი, მათ შორის, გადასახადი 1 749 690 ლარი, ჯარიმა 793 654 ლარი, საურავი 7 707,56 ლარი.
საჩივარში დასმულ სადავო საკითხთან მიმართებაში საგადასახადო შემოწმების აქტში აღნიშნულია, რომ:„საწარმოს შესამოწმებელ პერიოდში ჩამოწერილი აქვს თანამშრომლებზე მიწოდებული საქონელი (საწვავი), რომელიც განხილული არ აქვს დასაბეგრ ოპერაციად, ასევე არ აქვს განხილული სარგებლად. შემოწმების მიერ სსკ-ის 161-ე მუხლის შესაბამისად გაიზარდა საწარმოს დღგ-ით დასაბეგრი ბაზა, ასევე სსკ-ის 101-ე და 154-ე მუხლების შესაბამისად გაიზარდა საწარმოს საშემოსავლო გადასახადით დასაბეგრი ბაზა. საზოგადოებას დაერიცხა გადასახადი და ჯარიმა სსკ-ის 275-ე მუხლის შესაბამისად.“სადავო საკითხის განხილვის საფუძველზე, შემოსავლების სამსახური მიუთითებს საქართველოს ზოგადი ადმინისტრაციული კოდექსის მე-60 პრიმა მუხლის პირველ ნაწილზე, რომლის თანახმად, ადმინისტრაციულ-სამართლებრივი აქტი ბათილია, თუ იგი ეწინააღმდეგება კანონს ან არსებითად დარღვეულია მისი მომზადების ან გამოცემის კანონმდებლობით დადგენილი სხვა მოთხოვნები. ამავე მუხლის მეორე ნაწილის თანახმად, ადმინისტრაციულ-სამართლებრივი აქტის მომზადების ან გამოცემის წესის არსებით დარღვევად ჩაითვლება ადმინისტრაციულ-სამართლებრივი აქტის გამოცემა ამ კოდექსის 32-ე  ან  34-ე  მუხლით  გათვალისწინებული  წესის  დარღვევით  ჩატარებულ  სხდომაზე  ან  კანონით გათვალისწინებული ადმინისტრაციული წარმოების სახის დარღვევით, ანდა კანონის ისეთი დარღვევა, რომლის არარსებობის შემთხვევაში მოცემულ საკითხზე მიღებული იქნებოდა სხვაგვარი გადაწყვეტილება. შემოსავლების სამსახური მიუთითებს საქართველოს საგადასახადო კოდექსის 73-ე მუხლის მე-9 ნაწილზე, რომლის თანახმად, საგადასახადო ვალდებულების განსაზღვრის მიზნით, საგადასახადო ორგანოს უფლება აქვს: ა) მხედველობაში არ მიიღოს სამეურნეო ოპერაციები, რომლებსაც არა აქვს არსებითი ეკონომიკური გავლენა; ბ) სამეურნეო ოპერაციის ფორმისა და შინაარსის გათვალისწინებით შეცვალოს მისი კვალიფიკაცია, თუ ოპერაციის ფორმა არ შეესაბამება მის შინაარსს.საქართველოს სამოქალაქო კოდექსის 129-ე მუხლის პირველი ნაწილის შესაბამისად, სახელშეკრულებო მოთხოვნების ხანდაზმულობის ვადა შეადგენს სამ წელს.საქართველოს საგადასახადო კოდექსის 101-ე მუხლის პირველი ნაწილის თანახმად, ხელფასის სახით მიღებულ შემოსავლებს განეკუთვნება ფიზიკური პირის მიერ დაქირავებით მუშაობის შედეგად მიღებული ნებისმიერი საზღაური ან სარგებელი, მათ შორის, წინა სამუშაო ადგილიდან პენსიის ან სხვა სახით მიღებული შემოსავალი, ან შემოსავალი მომავალი სამუშაო ადგილიდან.საქართველოს საგადასახადო კოდექსის 154-ე მუხლის პირველი ნაწილის „დ“ ქვეპუნქტის თანახმად, გადახდის წყაროსთან გადასახადის დაკავება ევალება საგადასახადო აგენტს, რომელიც არის იურიდიული პირი, საწარმო/ორგანიზაცია ან მეწარმე ფიზიკური პირი, რომელიც გაწეული მომსახურების ღირებულებას უნაზღაურებს ფიზიკურ პირს (გარდა დღგ-ის გადამხდელად რეგისტრირებული ფიზიკური პირისა, ნოტარიუსისა, კერძო აღმასრულებლისა, მიკრო ბიზნესის სტატუსის მქონე ფიზიკური პირისა და ფიქსირებული გადასახადის გადამხდელის სტატუსის მქონე ფიზიკური პირისა, შესაბამისი საქმიანობის ნაწილში), რომელიც ინდივიდუალურ მეწარმედ დარეგისტრირებული არ არის.საქართველოს საგადასახადო კოდექსის 161-ე მუხლის თანახმად, დღგ-ის დასაბეგრი ოპერაციებია: ა) საქართველოს ტერიტორიაზე ეკონომიკური საქმიანობის ფარგლებში განხორციელებული საქონლის მიწოდება ან/და მომსახურების გაწევა, რომლის დროსაც: ა.ა) დასაბეგრი ოპერაციის თანხა განისაზღვრება დღგ-ის გადამხდელის მიერ მიღებული ან მისაღები კომპენსაციის თანხის მიხედვით (გადასახადების, მოსაკრებლებისა და სხვა გადასახდელების ჩათვლით) დღგ-ის ან/და პირგასამტეხლოს გარეშე, გარდა ამ მუხლის მე-2 ნაწილით გათვალისწინებული შემთხვევისა.ზემოაღნიშნულ ნორმებზე, საქმის ირგვლივ არსებულ მასალებსა და ფაქტობრივ გარემოებებზე დაყრდნობით, ასევე, ზეპირი განხილვისას გამოთქმულ მოსაზრებებზე დაყრდნობით, შემოსავლების სამსახურმა სადავო საკითხთან დაკავშირებით მიიჩნია, რომ აუდიტის დეპარტამენტის მიერ საგადასახადო შემოწმებით განხორციელებული დარიცხვა შესაბამისობაშია საგადასახადო კანონმდებლობის მოთხოვნებთან, ხოლო წარმოდგენილი საჩივარი დაუსაბუთებელია და არ არსებობს მისი დაკმაყოფილების სამართლებრივი საფუძვლები.
აღნიშნულიდან გამომდინარე, საქართველოს საგადასახადო კოდექსის 304-ე მუხლის საფუძველზე,
 ვ ბ რ ძ ა ნ ე ბ :
1.    შპს ----- 2019 წლის 30 აპრილის საჩივარი სადავო საკითხთნ დაკავშირებით არ დაკმაყოფილდეს;2. აღნიშნული გადაწყვეტილება შეიძლება გასაჩივრდეს საქართველოს ფინანსთა სამინისტროსთან არსებულ დავების განხილვის საბჭოში (მის: ქ. თბილისი, ვ. გორგასლის ქ. N16) ან სასამართლოში (მის: ქ. თბილისი, დავით აღმაშენებლის ხეივანი №64), საქართველოს საგადასახადო კოდექსის XIV კარით დადგენილი წესის შესაბამისად, ამ გადაწყვეტილების ჩაბარებიდან 20 კალენდარული დღის ვადაში.","ზემოაღნიშნულ ნორმებზე, საქმის ირგვლივ არსებულ მასალებსა და ფაქტობრივ გარემოებებზე დაყრდნობით, ასევე, ზეპირი განხილვისას გამოთქმულ მოსაზრებებზე დაყრდნობით, შემოსავლების სამსახურმა სადავო საკითხთან დაკავშირებით მიიჩნია, რომ აუდიტის დეპარტამენტის მიერ საგადასახადო შემოწმებით განხორციელებული დარიცხვა შესაბამისობაშია საგადასახადო კანონმდებლობის მოთხოვნებთან, ხოლო წარმოდგენილი საჩივარი დაუსაბუთებელია და არ არსებობს მისი დაკმაყოფილების სამართლებრივი საფუძვლები.",დაკმაყოფილებაზე უარის თქმის თაობაზე,,,,,,,,,,,,,,,,,,,,,,,,,,,,,,,,
ბრძანება N 47029,მიღების თარიღი: 30 დეკემბერი 2019,დოკუმენტის #: 47029,დოკუმენტის ტიპი: შემოსავლების სამსახურის დავების გადაწყვეტილება,კატეგორია: საგადასახადო/საბაჟო დავა,https://infohub.rs.ge/ka/workspace/document/312b07e2-b167-41b2-b2c8-c635371d78b8,12 დეკემბერი 2022,"ბრძანება N 4702930/12/2019


შპს -----(მის: -----)სადავო საკითხთნ დაკავშირებით საჩივრის ნაწილობრივ დაკმაყოფილების თაობაზე

სსიპ შემოსავლების სამსახურმა განიხილა შპს ----- 2019 წლის 9 ოქტომბრის №46519/1/2019 საჩივარი, შემოსავლების სამსახურის აუდიტის დეპარტამენტის 2019 წლის 26 სექტემბრის N006-837 „საგადასახადო მოთხოვნასთან“ დაკავშირებით. აღნიშნული საკითხი განხილული იქნა შემოსავლების სამსახურის დავების განხილვის საბჭოს 2019 წლის 14 ნოემბერს გამართულ სხდომაზე (ოქმი N82).
გადამხდელი წარმოდგენილი საჩივრით ითხოვს შეუმცირდეს მოგების გადასახადით დაბეგვრის ობიექტი, კერძოდ, არასწორად დაბეგრილი „------“ ნაწილში. გადამხდელის განმარტებით კომპანიას არასწორად ჰქონდა დეკლარირებული მოგების გადასახადი ტოტალიზატორის სისტემურ-ელექტრონული ფორმით მოწყობის შემთხვევაში, დაბეგვრის ობიექტად განიხილავდა არამხოლოდ მოთამაშეთა მხრიდან საანგარიშო თვის განმავლობაში განთავსებულ ფულად ფსონებს, აგრეთვე მოთამაშეების მიერ განთავსებული უფასო ბილეთების ვირტუალურ ნომინალურ ღირებულებასაც. კომპანიის საქმიანობის საგანია ტოტალიზატორის მოწყობა და სისტემურ-ელექტრონული ფორმით თამაშობანი. გადამხდელი არ ეთანხმება საგადასახადო შემოწმების აქტს იმ ნაწილში, რომლითაც არასწორად იქნა გაანგარიშებული ტოტალიზატორის სისტემურ-ელექტრონული ფორმით მოწყობის შემთხვევაში კომპანიაზე კუთვნილი მოგების გადასახადი. კერძოდ, სსკ-ის 309-ე მუხლის მე-16 ნაწილის თანახმად, ტოტალიზატორის სისტემურ- ელექტრონული ფორმით მოწყობის შემთხვევაში პირისთვის საშემოსავლო/მოგების გადასახადით დაბეგვრის ობიექტია აღნიშნული საქმიანობის ნაწილში ამ საქმიანობის მიხედვით ყოველი საანგარიშო თვის განმავლობაში მიღებული ფსონების ჯამი. „------“ არ არის ფულადი ფორმის და ის წარმოადგენს „ვირტუალურ ფულს“, მხოლოდ უფლებას ტოტალიზატორის ნაწილში უფასო ბილეთების განთავსებისა და მისი განაღდება შეუძლებელია. „--------“ გამოყენებით განთავსებულ ბილეთს მოგების შემთხვევაში აკლდება „-------“ ნომინალის ოდენობა და მოთამაშეს უფლება ეძლევა სხვაობა გაანაღდოს ფულად ერთეულში. შესაბამისად, სსკ-ს 309-ე მუხლის მე-16 ნაწილის თანახმად, მოგების გადასახადით დაბეგვრის ობიექტია მხოლოდ მოთამაშეთა მხრიდან დადებული ფსონი, ის რაც ფულადი ფორმისაა და არა ამ ფულადი ფსონით განთავსებული ბილეთების ვირტუალური ნომინალის ჯამური ოდენობა.
საქმის ირგვლივ არსებული მასალებით ირკვევა, რომ შემოსავლების სამსახურის 2019 წლის 08 ივლისის N22765 ბრძანების საფუძველზე ჩატარდა შპს ----- საქმიანობის გასვლითი სრული საგადასახადო შემოწმება. შემოწმების შედეგებზე 2019 წლის 25 სექტემბერს შედგა საგადასახადო შემოწმების აქტი, რის საფუძველზეც გამოიცა 2019 წლის 26 სექტემბრის N33494 ბრძანება და ამავე თარიღის N006-837 საგადასახადო მოთხოვნა. გადამხდელის საგადასახადო ვალდებულება დამატებით განისაზღვრა სულ 13 829.29 ლარი, მათ შორის: გადასახადი 11 829 ლარი, ჯარიმა 1 496 ლარი, ხოლო საურავი 504.29 ლარი.
საგადასახადო შემოწმების აქტით მიხედვით დადგენილი ფაქტობრივი გარემოება:„მოგების გადასახადის საკითხი: შპს ----- საქმიანობის საგანს წარმოადგენს ტოტალიზატორის და აზარტული თამაშების მოწყობა როგორც მიწაზე, ასევე ელექტრონულად. შესამოწმებელ პერიოდში უფიქსირდება მოთამაშეებზე ზედმეტი თანხის გაცემა, აღნიშნული თანხები რეალურად მოთამაშეებს არ მოუგია, მაგრამ დაფიქსირდა პროგრამული შეცდომა და მოთამაშეებმა მოასწრეს მათ ბალანსზე დარიცხული თანხის გატანა“. (იხ. შ./აქტის მე-9 გვერდი).აუდიტორის შეფასება: „შემოწმების შედეგად, ზედმეტად გადახდილი თანხები დაიბეგრა მოგების გადასახადით და დაერიცხა ჯარიმა სსკ-ის 275-ე მუხლის შესაბამისად“.“გადასახადის გადამხდელის პოზიცია ზემოთხსენებულ საკითხზე შემოწმების პროცესში წარმოდგენილი არ არის.ე.წ. „----“ რაც შეეხება და მისი სსკ-ის 309-ე მუხლის მე-16 ნაწილით დაბეგვრის ობიექტზე მიკუთვნების საკითხს, ფაქტობრივი გარემოებები საგადასახადო შემოწმების აქტში დაფიქსირებული არ არის. ამასთანავე, არ არის აუდიტის დეპარტამენტის შეფასება, თუ რას წარმოადგენს „-----“ და რა სახის ოპერაციები მიეკუთვნება. შემოსავლების სამსახურმა განიხილა წარმოდგენილი საჩივარი და მიიჩნია, რომ სადავო საკითხთან დაკავშირებით იგი უნდა დაკმაყოფილდეს ნაწილობრივ შემდეგ გარემოებათა გამო:საჩივარში დასმულ სადავო საკითხთან დაკავშირებით შემოსავლების სამსახური მიუთითებს სსკ-ის 96-ე მუხლზე, რომლის თანახმად, მოგების გადასახადის გადამხდელია: ა) რეზიდენტი საწარმო;ბ) არარეზიდენტი საწარმო, რომელიც საქართველოში საქმიანობას მუდმივი დაწესებულების მეშვეობით ახორციელებს ან/და შემოსავალს იღებს საქართველოში არსებული წყაროდან.ამასთან, ამავე კოდექსის 97-ე მუხლის მე-9 ნაწილის თანახმად, პირის მოგების გადასახადით დაბეგვრის ობიექტი ტოტალიზატორის სისტემურ-ელექტრონული ფორმით მოწყობის შემთხვევაში ამ საქმიანობის ნაწილში, განისაზღვრება ამ კოდექსის 309-ე მუხლის მე-16 ნაწილის შესაბამისად.სსკ-ის 309-ე მუხლის მე-16 ნაწილის თანახმად, ტოტალიზატორის სისტემურ-ელექტრონული ფორმით მოწყობის შემთხვევაში პირისთვის საშემოსავლო/მოგების გადასახადით დაბეგვრის ობიექტი აღნიშნული საქმიანობის ნაწილში არის ამ საქმიანობის მიხედვით ყოველი საანგარიშო თვის განმავლობაში მიღებული ფსონების ჯამი, რომელიც იბეგრება 7%-იანი განაკვეთით. ამ შემთხვევაში პირი ვალდებულია არაუგვიანეს საანგარიშო თვის მომდევნო თვის 15 რიცხვისა, საქართველოს ფინანსთა მინისტრის მიერ დადგენილი ფორმით წარადგინოს დეკლარაცია და იმავე ვადაში გადაიხადოს შესაბამისი გადასახადი.„ლატარიების, აზარტული და მომგებიანი თამაშობების მოწყობის შესახებ“ საქართველოს კანონის მე-3 მუხლის „ო.გ“ ქვეპუნქტის თანახმად, ტოტალიზატორი არის თამაშობა, რომელიც იმართება მოთამაშეების მიერ შეჯიბრების მიმდინარეობის, თამაშობის, რაიმე მოვლენის (მოვლენების) შედეგის პროგნოზზე ფსონების დადებით, ხოლო მოგება დამოკიდებულია ფსონის მოცულობაზე და შედეგზე. აკრძალულია ტოტალიზატორის მოწყობა ისეთ შემთხვევებში, როცა შედეგი შესაძლოა წინასწარ იყოს ცნობილი ერთ-ერთი ან ორივე მხარისთვის. ტოტალიზატორი იმართება სპეციალურად მოწყობილ შენობა-ნაგებობაში ან შენობა-ნაგებობის ნაწილში.იმის გათვალისწინებით, რომ საგადასახადო შემოწმების აქტით არ არის დადგენილი ფაქტობრივი გარემოება თუ რას წარმოადგენს ცნება - „-----“ და რა სახის „-----“ არსებობს კომპანიაში და ამასთანავე, არ არის შესწავლილი მისი სსკ-ს 309-ე მუხლის მე-16 ნაწილის მიხედვით მოგების გადასახადით დაბეგვრის ობიექტზე მიკუთვნების საკითხი, შესაბამისად, შემოსავლების სამსახური მიუთითებს საქართველოს ზოგადი ადმინისტრაციული კოდექსის 96–ე მუხლზე, რომლის თანახმად, ადმინისტრაციული ორგანო ვალდებულია ადმინისტრაციული წარმოებისას გამოიკვლიოს საქმისათვის ყველა მნიშვნელოვანი გარემოება და გადაწყვეტილება მიიღოს ამ გარემოებათა შეფასებისა და ურთიერთშეჯერების  საფუძველზე, რისთვისაც ზოგადი ადმინისტრაციული კოდექსის 97–ე მუხლის თანახმად, მტკიცებულებათა გამოკვლევისათვის უფლებამოსილია გამოითხოვოს საქმესთან დაკავშირებული დოკუმენტები, შეაგროვოს ცნობები, მოუსმინოს დაინტერესებულ მხარეებს, დანიშნოს ექსპერტიზა, გამოიყენოს აუცილებელი დოკუმენტები და აქტები, მტკიცებულებათა შეგროვების, გამოკვლევის და შეფასების მიზნით მიმართოს კანონმდებლობით გათვალისწინებულ სხვა ზომებს.სზაკ–ის 96–ე მუხლის მე–2 ნაწილის თანახმად, დაუშვებელია, ინდივიდუალური ადმინისტრაციულ–სამართლებრივი აქტის გამოცემას საფუძვლად დაედოს ისეთი გარემოება ან ფაქტი, რომელიც კანონით დადგენილი წესით არ არის გამოკვლეული ადმინისტრაციული ორგანოს მიერ.გადასახადის გადამხდელის წარმომადგენელმა საკითხის ზეპირი განხილვისას განმარტა: შპს „-------“ საკუთარი ინიციატივით მიმართა სსიპ შემოსავლების სამსახურის აუდიტის დეპარტამენტს ფასიანი სერვისით მომსახურებაზე და მოითხოვა საგადასახადო შემოწმების ჩატარება 2017-2018 წლებზე.სისტემურ-ელექტრონული ფორმით მოწყობილ ტოტალიზატორში მოთამაშეთა აქტივობის ზრდის მიზნით შპს ----- გააჩნია გარკვეული მარკეტინგული აქციები. კერძოდ, კომპანია მოთამაშეებს ფსონების აქტიური განთავსებისათვის პარალელურად თავაზობს უფასო ბილეთების გაკეთების უფლებას. აღსანიშნავია, რომ „----“ არ არის ფულადი ფორმის და ის წარმოადგენს იდეაში „ვირტუალურ ფულს“, ანუ მხოლოდ უფლებას ტოტალიზატორის ნაწილში უფასო ბილეთის განთავსებისა და მისი განაღდება შეუძლებელია. „------“ გამოყენებით განთავსებულ ბილეთს მოგების შემთხვევაში აკლდება „------“ ნომინალის ოდენობა და მოთამაშეს უფლება ეძლევა სხვაობა გაანაღდოს ფულად ერთეულში. ანუ, თუ მოთამაშეს მიეცა 50 ლარის ექვივალენტი „-----“ და მან განათავსა ბილეთი, საიდანაც მოგებამ ბილეთზე შეადგინა 90 ლარი, მოთამაშეს უფლება აქვს ფულადი სახით გაიტანოს ბილეთზე სუფთა მოგება (90-50), ანუ 40 ლარი.ერთი სახის „------“ (3+1 აქცია, ----+1 აქცია და 200% CASHBACK აქცია) ითვალისწინებს მოთამაშის მხრიდან ფსონების განთავსებისას გარკვეული მოთხოვნების შესრულების ვალდებულებას - მინიმუმ 4 თამაშიანი გადაბმა, მინიმუმ 1,25 კოეფიციენტი თითოეულ არჩეულ თამაშზე და ა.შ. ამ ტიპის „-----“ ლიმიტირებულია დღიური შესაძლო თანხობრივი ოდენობა და შეადგენს მაქსიმუმ 50 ლარს. ამ სახის აქციის მარკეტინგული გათვლა არის ის, რომ მოთამაშეთა მხრიდან მოხდეს რაოდენობრივად ბევრი თამაშისა და მაღალი კოეფიციენტის მქონე ბილეთებზე ფსონების განთავსება.მე-2 სახის „-----“ ითვალისწინებს ზოგად პირობებს ყველა მოთამაშისათვის და ყველას აძლევს შანსს შპს ----- სისტემურ-ელექტრონული ფორმით მოწყობილ ტოტალიზატორში თამაშის შემთხვევაში დამატებითი ფულადი პრიზების ან უფასო ბილეთების მოგებისა. მაგალითად, ასეთი აქციებია - ყველა წაგებულ ბილეთს ეძლევა ელექტრონული რულეტკის დატრიალებით „------“ მოგების შანსი, მოგებული ბილეთებით დგება მოთამაშეთა რეიტინგები, რაც დამატებით ფულადი პრიზების ან უფასო ბილეთების მოგების შანსია.გადამხდელი ითხოვს შეუმცირდეს მოგების გადასახადის დაბეგვრის ობიექტი არასწორად დაბეგრილი „-----“ ნაწილში.ყოველივე ზემოაღნიშნულის გათვალისწინებით, შემოსავლების სამსახური მიუთითებს: 2019 წლის 25 სექტემბრის საგადასახადო შემოწმების აქტით, რადგანაც სადავო საკითხზე არ არის დადგენილი ფაქტობრივი გარემოებები, ამასთან, არ არის შეფასებული და დადგენილი „------“ ცნება, სახეები და სსკ- ის 309-ე მუხლის მე-16 ნაწილის შესაბამისად მისი დასაბეგრ ობიექტზე მიკუთვნების საკითხი, აღნიშნული საჭიროებს დამატებით შესწავლას აუდიტის დეპარტამენტის მიერ საქმისათვის ყველა მნიშვნელოვანი გარემოებების შეფასებისა და ურთიერთშეჯერების შემდეგ, ხოლო შესწავლის შედეგების გათვალისწინებით, სათანადო საფუძვლის არსებობის შემთხვევაში აუდიტის დეპარტამენტმა უზრუნველყოს გადასახადის გადამხდელის საგადასახადო ვალდებულებების დაზუსტება.
საქართველოს საგადასახადო კოდექსის 304-ე მუხლის საფუძველზე,
ვ ბ რ ძ ა ნ ე ბ :
1. შპს ----- საჩივარი სადავო საკითხთან დაკავშირებით დაკმაყოფილდეს ნაწილობრივ;2. დაევალოს აუდიტის დეპარტამენტს ყოველმხრივ შეისწავლოს და დაადგინოს „------“ ცნება, სახეები და სსკ-ის 309-ე მუხლის მე-16 ნაწილის შესაბამისად მისი დასაბეგრ ობიექტზე მიკუთვნების საკითხი და შესწავლის შედეგების გათვალისწინებით, სათანადო საფუძვლის არსებობის შემთხვევაში უზრუნველყოს გადასახადის გადამხდელის საგადასახადო ვალდებულებების დაზუსტება;3. ამ ბრძანების მე-2 პუნქტის შესრულების შედეგების გათვალისწინებით, განხორციელდეს გადამხდელის პირადი აღრიცხვის ბარათის კორექტირება;4. დანარჩენ ნაწილში საჩივარი არ დაკმაყოფილდეს;5. აღნიშნული გადაწყვეტილება შეიძლება გასაჩივრდეს საქართველოს ფინანსთა სამინისტროსთან არსებულ დავების განხილვის საბჭოში (მის: ქ. თბილისი, ვ. გორგასლის ქ. N16) ან სასამართლოში (მის: ქ. თბილისი, დავით აღმაშენებლის ხეივანი N64), საქართველოს საგადასახადო კოდექსის XIV კარით დადგენილი წესის შესაბამისად, ამ გადაწყვეტილების ჩაბარებიდან 20 კალენდარული დღის ვადაში.","„ლატარიების, აზარტული და მომგებიანი თამაშობების მოწყობის შესახებ“ საქართველოს კანონის მე-3 მუხლის „ო.გ“ ქვეპუნქტის თანახმად, ტოტალიზატორი არის თამაშობა, რომელიც იმართება მოთამაშეების მიერ შეჯიბრების მიმდინარეობის, თამაშობის, რაიმე მოვლენის (მოვლენების) შედეგის პროგნოზზე ფსონების დადებით, ხოლო მოგება დამოკიდებულია ფსონის მოცულობაზე და შედეგზე. აკრძალულია ტოტალიზატორის მოწყობა ისეთ შემთხვევებში, როცა შედეგი შესაძლოა წინასწარ იყოს ცნობილი ერთ-ერთი ან ორივე მხარისთვის. ტოტალიზატორი იმართება სპეციალურად მოწყობილ შენობა-ნაგებობაში ან შენობა-ნაგებობის ნაწილში.",ნაწილობრივ დაკმაყოფილების თაობაზე,1. შპს ----- საჩივარი სადავო საკითხთან დაკავშირებით დაკმაყოფილდეს ნაწილობრივ;,,,,,,,,,,,,,,,,,,,,,,,,,,,,,,,
ბრძანება N 26996-1,მიღების თარიღი: 09 სექტემბერი 2020,დოკუმენტის #: 26996,დოკუმენტის ტიპი: შემოსავლების სამსახურის დავების გადაწყვეტილება,კატეგორია: საგადასახადო/საბაჟო დავა,https://infohub.rs.ge/ka/workspace/document/3776e78e-f293-40d2-b9d7-de6eb8dc087b,12 დეკემბერი 2022,"ბრძანება N 2699609/09/2020   შპს -----------(მის: ---------)სადავო საკითხთან დაკავშირებით საჩივრის დაკმაყოფილების თაობაზე  შემოსავლების სამსახურმა  დავების განხილვის საბჭოს 2020 წლის 05 ივნისის და 12 აგვისტოს სხდომებზე (ოქმი №36 №58) განიხილა შპს ----- 2020 წლის 09 მარტის №52198/21 საჩივარი, შემოსავლების სამსახურის აუდიტის დეპარტამენტის 2020 წლის 28 თებერვლის №007-61 კორექტირებულ საგადასახადო მოთხოვნასთან დაკავშირებით.  სადავო საკითხი:მომჩივანი არ ეთანხმება უიმედო ვალად აღიარებული გამოქვითვების შემცირებას და მიუღებელი საპროცენტო შემოსავლების ერთობლივ შემოსავალში ასახვას. ფაქტობრივი გარემოებები:საქმეში არსებული მასალებით ირკვევა, რომ შემოსავლების სამსახურის 2019 წლის 29 ნოემბრის №41677 ბრძანებით ნაწილობრივ დაკმაყოფილდა შპს ----- საჩივარი, კერძოდ, სადავო საკითხთან დაკავშირებით, ბრძანების სარეზოლუციო ნაწილში მითითებულია:1.შპს ----- საჩივარი დაკმაყოფილდეს ნაწილობრივ;2.დაევალოს აუდიტის დეპარტამენტს დამატებით შეისწავლოს სადავო საკითხები საქართველოს ფინანსთა სამინისტროსთან არსებული დავების  განხილვის საბჭოს 2019 წლის 09 ოქტომბრის გადაწყვეტილების შესაბამისად.3.დაევალოს აუდიტის დეპარტამენტს ამ ბრძანების მე-2 პუნქტის შესრულების შედეგების გათვალისწინებით განახორციელოს გადამხდელის პირადი აღრიცხვის ბარათის კორექტირება;4. დანარჩენ ნაწილში საჩივარი არ დაკმაყოფილდეს.საქართველოს ფინანსთა სამინისტროსთან არსებული დავების განხილვის საბჭოს 2019 წლის 09 ოქტომბრის გადაწყვეტილების მიხედვით, საქმეში არსებული გარემოებების გათვალისწინებით, საბჭომ მიიჩნია, რომ დამატებით შესწავლას საჭიროებს ერთობლივი შემოსავლიდან გამოქვითვებში უიმედო ვალის გათვალისწინების და გაცემულ სესხზე მისაღები პროცენტების ერთობლივ შემოსავალში ჩართვის საკითხი. ასევე, დამატებით შესწავლას დაექვემდებარა წარმომადგენლობით ხარჯებზე მიღებული დღგ- ს ჩათვლის გაუქმება.შემოსავლების სამსახურის 2019 წლის 29 ნოემბრის №41677 ბრძანების აღსრულების მიზნით, აუდიტის დეპარტამენტმა გამოსცა 2020 წლის 13 თებერვლის დასკვნა შპს ---------- საგადასახადო შემოწმების შედეგების გადაანგარიშებაზე.
აუდიტის  დეპარტამენტის   მიერ  გამოცემული  დასკვნის  და  წარმოდგენილი   ინფორმაციის თანახმად, სადავო საკითხთან მიმართებით ირკვევა შემდეგი:2013 წელს შპს ----- და შპს ----- -ს შორის გაფორმდა სესხის ხელშეკრულება, რომლის საფუძველზეც შპს ----- -ს სესხად გადაეცა 600 000 აშშ დოლარი, წლიური 18%-ის სარგებლით. მსესხებლის მიერ არ მომხდარა ხელშეკრულებით გათვალისწინებული სესხის ძირისა და პროცენტის დაბრუნება. აღნიშნულიდან გამომდინარე შპს ----- მიმართა სასამართლოს და სასამართლოს გადაწყვეტილებით შპს--------ს დაეკისრა სესხის ძირითადი თანხის, მიუღებელი შემოსავლის და ყოველ ვადა გადაცილებულ დღეზე პროცენტის გადახდა. აღნიშნული გადაწყვეტილების საფუძველზე აღსრულების ეროვნულმა ბიურომ გაატარა შესაბამისი ღონისძიებები და შპს ----- დარეგისტრირდა მოვალეთა რეესტრში. შპს ----- აღნიშნულ სესხზე მიუღებელი საპროცენტო შემოსავალი განიხილა უიმედო ვალად და გაითვალისწინა 2015 წლის გამოქვითვებში. ამასთან, აღნიშნულ სესხზე აღარ გააგრძელა პროცენტის დარიცხვა და შემოსავლად აღიარება. აღნიშნულ მოთხოვნის უიმედო ვალად აღიარებისათვის კანონით გათვალისწინებული არცერთი დოკუმენტი არ არსებობს. შესაბამისად შემოწმების მიერ შემცირდა უიმედო ვალის სახით გამოქვითვები. 2015 წელს მისაღები საპროცენტო შემოსავალი  დამატებით იქნა გათვალისწინებული საწარმოს ერთობლივ შემოსავალში. ამასთან, საწარმოს გადმოტანილი აქვს წინა პერიოდების ზარალი, შედეგად აღნიშნული ოპერაცია გავლენას არ ახდენს საწარმოს მოგების გადასახადზე. შემოსავლების სამსახურის დავების საბჭოს გადაწყვეტილების მიზნით შემოწმების მიერ განხორციელდა საკითხის დამატებით შესწავლა. შესწავლის/ანალიზის შედეგად შემოწმების პროცესში არსებული ინფორმაციისგან განსხვავებული ფაქტობრივი გარემოებები არ გამოვლენილა. შესაბამისად, საწარმოს საგადასახადო ვალდებულებების ცვლილება ამ ნაწილში გადაანგარიშების შედეგებით არ მომხდარა.
შემოსავლების სამსახურმა განიხილა წარმოდგენილი საჩივარი და მიიჩნია, რომ საჩივარი სადავო საკითხთან დაკავშირებით უნდა დაკმაყოფილდეს, შემდეგ გარემოებათა გამო:სადავო საკითხთან დაკავშირებით შემოსავლების სამსახური მიუთითებს საქართველოს საგადასახადო კოდექსის მე-8 მუხლის 29-ე ნაწილზე, რომლის თანახმად, უიმედო ვალი არის საქონლის ან/და მომსახურების რეალიზაციის ან აღნიშნულის ფარგლებში წინასწარი გადახდის შედეგად გადასახადის გადამხდელის მიერ აღიარებული მოთხოვნა ან მისი ნაწილი, რომლის გადახდის ვადა გასულია და რომელიც არ იქნა ანაზღაურებული მიმდინარე საგადასახადო წლის ბოლომდე, ამასთანავე, არსებობს ერთ-ერთი შემდეგი დოკუმენტი:ა) სასამართლოს/არბიტრაჟის კანონიერ ძალაში შესული გადაწყვეტილება მოთხოვნის დაკმაყოფილებაზე უარის თქმის შესახებ;ბ) აღსრულების ორგანოს მიერ გაცემული ცნობა სააღსრულებო ფურცლის აღსასრულებლად მიქცევის შედეგად კრედიტორის მიერ კუთვნილი თანხის მიუღებლობის ან ნაწილობრივ მიღების თაობაზე;გ) სასამართლოს კანონიერ ძალაში შესული განჩინება შესაბამისი პირის მიმართ გადახდისუუნარობის თაობაზე განცხადების წარმოებაში მიღების ან გაკოტრების საქმის წარმოების დაწყების ან/და რეაბილიტაციის დაწყების შესახებ, თუ მოსამართლის მიერ ამ კრედიტორის მოთხოვნა არ იქნა აღიარებული;დ) ცნობა მეწარმეთა და არასამეწარმეო (არაკომერციული) იურიდიული პირების რეესტრიდან რეგისტრაციის გაუქმების შესახებ ან გარდაცვალების ცნობა.ამავე კოდექსის 108-ე მუხლის მიხედვით:1.გადასახადის გადამხდელს უფლება აქვს, გამოქვითოს რეალიზებულ საქონელთან და მომსახურებასთან დაკავშირებული უიმედო ვალები, რომელთა მიხედვით მისაღები შემოსავლები წინა საანგარიშო პერიოდებში შეტანილი იყო ეკონომიკური საქმიანობით მიღებულ ერთობლივ შემოსავალში.2. უიმედო ვალების გამოქვითვა დაიშვება მხოლოდ იმ შემთხვევაში, თუ დავალიანება ჩამოწერილია და ასახულია გადასახადის გადამხდელის საბუღალტრო ანგარიშგებაში.საგადასახადო კოდექსის 141-ე მუხლის მე-3 ნაწილის მიხედვით, თუ გადასახადის გადამხდელი იღებს ან მას უფლება აქვს, მიიღოს შემოსავალი პროცენტის სახით ან ქონების იჯარით გადაცემით, შემოსავალი სავალო ვალდებულების ან იჯარის ხელშეკრულების ვადის გასვლის მომენტი მიღებულად ითვლება. ამასთანავე, თუ სავალო ვალდებულების ან იჯარის ხელშეკრულების ვადა რამდენიმე საანგარიშო პერიოდს მოიცავს, შემოსავალი საანგარიშო პერიოდებს შორის ნაწილდება თითოეულ საანგარიშო პერიოდში დარიცხული ან დასარიცხი თანხის მიხედვით.სააღსრულებო წარმოების შესახებ საქართველოს კანონის 35-ე მუხლის 11 პუნქტის თანახმად, თუ თანხის გადახდევინების შესახებ სააღსრულებო წარმოების დაწყებიდან 2 წლის განმავლობაში ვერ დაკმაყოფილდა კრედიტორის მოთხოვნა იმის გამო, რომ მოვალეს არ გააჩნია ქონება, რომლიდანაც შესაძლებელია გადახდევინება, სააღსრულებო ფურცელი/აღსასრულებელი გადაწყვეტილება უბრუნდება კრედიტორს, გარდა ალიმენტის გადახდევინების შესახებ, შრომითი ურთიერთობიდან გამომდინარე, დასახიჩრებით ან ჯანმრთელობის სხვაგვარი დაზიანებით, აგრეთვე მარჩენალის დაკარგვით გამოწვეული ზიანის ანაზღაურების შესახებ, დანაშაულით ან ადმინისტრაციული სამართალდარღვევით მიყენებული ზიანის ანაზღაურების შესახებ მოთხოვნებისა, აგრეთვე სახელმწიფო, ავტონომიური რესპუბლიკის რესპუბლიკური ან ადგილობრივი თვითმმართველი ერთეულის ბიუჯეტის სასარგებლოდ ან საწინააღმდეგოდ წარმოებული სააღსრულებო საქმეებისა. ამავე მუხლის 12 პუნქტის თანახმად, ამ მუხლის 11 პუნქტით გათვალისწინებულ შემთხვევაში იმავე პუნქტით დადგენილი ვადის ამოწურვამდე კრედიტორი უფლებამოსილია აღსრულების ეროვნულ ბიუროს მიმართოს განცხადებით და მოითხოვოს სააღსრულებო წარმოების 1 წლით გაგრძელება, რისთვისაც იგი იხდის საფასურს 200 ლარის ოდენობით. ამ კანონის 34-ე მუხლის პირველი პუნქტის „კ“ ქვეპუნქტით გათვალისწინებული ვადის ამოწურვამდე კრედიტორი ამ პუნქტით განსაზღვრული საფასურის გადახდის შემთხვევაში უფლებამოსილია ყოველწლიურად მიმართოს აღსრულების ეროვნულ ბიუროს სააღსრულებო წარმოების გაგრძელების თაობაზე.შემოწმების აქტის თანახმად, კომპანიამ 2013 წელს სესხად გასცა 600 000 აშშ დოლარი, წლიური 18%-ის სარგებლით. მსესხებლის მიერ არ მომხდარა ხელშეკრულებით გათვალისწინებული სესხის ძირისა და პროცენტის დაბრუნება. სასამართლოს გადაწყვეტილებით მსესხებელს დაეკისრა სესხის ძირითადი თანხის, მიუღებელი შემოსავლის და ყოველ ვადაგადაცილებულ დღეზე პროცენტის გადახდა. გადაწყვეტილების საფუძველზე აღსრულების ეროვნულმა ბიურომ გაატარა შესაბამისი ღონისძიებები და შპს ----- დარეგისტრირდა მოვალეთა რეესტრში. კომპანიამ მიუღებელი საპროცენტო შემოსავალი განიხილა უიმედო ვალად და გაითვალისწინა 2015 წლის გამოქვითვებში. ამასთან, აღარ გააგრძელა პროცენტის დარიცხვა და შემოსავლად აღიარება. მოთხოვნის უიმედო ვალად აღიარებისათვის კანონით გათვალისწინებული არცერთი დოკუმენტი არ არსებობს. შემოწმების მიერ შემცირდა უიმედო ვალის სახით გამოქვითვები. 2015 წელს მისაღები საპროცენტო შემოსავალი დამატებით იქნა გათვალისწინებულ საწარმოს ერთობლივ შემოსავალში.
მომჩივანი განმარტავს, რომ სასამართლოს გადაწყვეტილებით მსესხებელს კომპანიის სასარგებლოდ დაეკისრა სასესხო ვალდებულების დაფარვა. სააღსრულებო ფურცლის აღსრულების მიზნით მოვალეს გაეგზავნა წინადადება გადაწყვეტილების შესრულების შესახებ, რომელიც ვერჩაბარდა მოვალეს და 11.11.14 წელს გამოქვეყნდა საჯარო შეტყობინების სახით.აღსრულების ეროვნული ბიუროს 2015 წლის 9 ივლისის წერილის თანახმად, მოვალე ორგანიზაციაზე შპს ----- წარდგენილი იქნა საინკასო დავალებები ყველა ბანკში, რასაც შედეგი არ მოჰყოლია. შინაგან საქმეთა სამინისტროდან მოწოდებული ინფორმაციით შპს-ს საკუთრებაში არ გააჩნია მოძრავი ქონება. კომერციული ბანკებიდან მოწოდებული ინფორმაციის თანახმად ანგარიშებზე დადებითი ნაშთი არ ერიცხება. საჯარო რეესტრის ინფორმაციით კი შპს-ს საკუთრებაში არ გააჩნია უძრავი ქონება. 2014 წლის 24 ოქტომბრიდან მოვალე რეგისტრირებულია მოვალეთა რეესტრში. ეს წერილი წარმოადგენს საქართველოს საგადასახადო კოდექსით განსაზღვრულ „ცნობას აღსრულების ორგანოდან სააღსრულებლო ფურცლის აღსასრულებლად მიქცევის შედეგად კრედიტორის მიერ სასამართლოს გადაწყვეტილებით კუთვნილი თანხის მიუღებლობის ან ნაწილობრივ მიღების თაობაზე“. კომპანიის მიერ მომსახურების გაწევა ხორციელდება მანამ, სანამ იგი უარს არ იტყვის საკუთარ ნებაზე და არ შეწყვეტს პროცენტის დარიცხვას. სააღსრულებო წარმოების დაწყების დღიდან კომპანიამ უნდა შეწყვიტოს სარგებლის დარიცხვა სესხის თანხაზე, რაც დაიწყო 2014 წელს, სასარჩელო განცხადებით მიმართვით. ამ მომენტიდანვე კომპანია ვალდებული იყო შეეწყვიტა პროცენტის დარიცხვა სააღსრულებო წარმოებათა შესახებ საქართველოს კანონის მოთხოვნების გათვალისწინებით. აღსრულების შეჩერების საფუძველი ვერ იქნება 2 წლიანი პერიოდის გასვლის შემდგომ სააღსრულებო ფურცლის უკან დაბრუნება, მითუმეტეს, რომ აღნიშნულს ადგილი არ ჰქონია და კომპანიას არ დაბრუნებია სააღსრულებო ფურცელი/აღსასრულებელი გადაწყვეტილება.მომჩივნის წარმომადგენლის განმარტებით, 23.09.2019 წელს დამატებით მიღებულია წერილი აღსრულების ეროვნული ბიუროდან, სადაც აღნიშნულია, რომ წარმოებაშია თბილისის საქალაქო სასამართლოს მიერ 12.09.2014 წელს გაცემული №2/4136-14 სააღსრულებო ფურცელი. სააღსრულებო ფურცლის და კრეტორის განცხადების თანახმად, შპს ----- შპს ----- სასარგებლოდ დაეკისროს 727635,85 აშშ დოლარის და 5000 ლარის გადახდა. კომპანიას განცხადების პასუხად ეცნობა, რომ დღეის მდგომარეობით, ასევე 2016 წლის 31 დეკემბერის მდგომარეობით, აღსრულების დაწყებიდან ზემოაღნიშნულ თარიღამდე კრედიტორის მოთხოვნა ან მისი ნაწილი არ არის დაკმაყოფილებული.ფაქტობრივი  გარემოებების  გათვალისწინებით, შემოსავლების  სამსახური  განმარტავს,  რომ სადავო ოპერაციის უიმედოობა დადასტურებულია აღსრულების ეროვნული ბიუროს წერილებით, შესაბამისად, საგადასახადო ორგანოს მიერ აღნიშნული დოკუმენტი მიჩნეულ უნდა იქნეს ცნობად და შესაბამისად, განხორციელდეს სადავო ოპერაციის უიმედო ვალად აღიარება.ყოველივე ზემოაღნიშნულის გათვალისწინებით, შემოსავლების სამსახურმა მიიჩნია, რომ უნდა დაევალოს აუდიტის დეპარტამენტს უიმედო ვალად აღიარებული გამოქვითვების შემცირების და მიუღებელი საპროცენტო შემოსავლების ერთობლივ შემოსავალში ასახვის საფუძვლით დარიცხული თანხები დაუქვემდებაროს შემცირებას. საქართველოს საგადასახადო კოდექსის 304-ე მუხლის საფუძველზე, ვ ბ რ ძ ა ნ ე ბ: 1. შპს ----- საჩივარი სადავო საკითხთან დაკავშირებით დაკმაყოფილდეს;2. სადავო საკითხთან დაკავშირებით, დაევალოს აუდიტის დეპარტამენტს უიმედო ვალად აღიარებული გამოქვითვების შემცირების და მიუღებელი საპროცენტო შემოსავლების ერთობლივ შემოსავალში ასახვის საფუძვლით დარიცხული თანხები დაუქვემდებაროს შემცირებას;3. აღნიშნული გადაწყვეტილება შეიძლება გასაჩივრდეს საქართველოს ფინანსთა სამინისტროსთან არსებულ დავების განხილვის საბჭოში (მის: ქ. თბილისი, ვ. გორგასლის ქ. №16) ან სასამართლოში (მის: ქ. თბილისი, დავით აღმაშენებლის ხეივანი №64), საქართველოს საგადასახადო კოდექსის XIV კარით დადგენილი წესის შესაბამისად, ამ გადაწყვეტილების ჩაბარებიდან 20 კალენდარული დღის ვადაში.","სადავო საკითხთან დაკავშირებით შემოსავლების სამსახური მიუთითებს საქართველოს საგადასახადო კოდექსის მე-8 მუხლის 29-ე ნაწილზე, რომლის თანახმად, უიმედო ვალი არის საქონლის ან/და მომსახურების რეალიზაციის ან აღნიშნულის ფარგლებში წინასწარი გადახდის შედეგად გადასახადის გადამხდელის მიერ აღიარებული მოთხოვნა ან მისი ნაწილი, რომლის გადახდის ვადა გასულია და რომელიც არ იქნა ანაზღაურებული მიმდინარე საგადასახადო წლის ბოლომდე, ამასთანავე, არსებობს ერთ-ერთი შემდეგი დოკუმენტი:",,"მომჩივნის წარმომადგენლის განმარტებით, 23.09.2019 წელს დამატებით მიღებულია წერილი აღსრულების ეროვნული ბიუროდან, სადაც აღნიშნულია, რომ წარმოებაშია თბილისის საქალაქო სასამართლოს მიერ 12.09.2014 წელს გაცემული №2/4136-14 სააღსრულებო ფურცელი. სააღსრულებო ფურცლის და კრეტორის განცხადების თანახმად, შპს ----- შპს ----- სასარგებლოდ დაეკისროს 727635,85 აშშ დოლარის და 5000 ლარის გადახდა. კომპანიას განცხადების პასუხად ეცნობა, რომ დღეის მდგომარეობით, ასევე 2016 წლის 31 დეკემბერის მდგომარეობით, აღსრულების დაწყებიდან ზემოაღნიშნულ თარიღამდე კრედიტორის მოთხოვნა ან მისი ნაწილი არ არის დაკმაყოფილებული.",,,,,,,,,,,,,,,,,,,,,,,,,,,,,,,
ბრძანება N 26996-2,მიღების თარიღი: 09 სექტემბერი 2020,დოკუმენტის #: 26996,დოკუმენტის ტიპი: შემოსავლების სამსახურის დავების გადაწყვეტილება,კატეგორია: საგადასახადო/საბაჟო დავა,https://infohub.rs.ge/ka/workspace/document/880da8ae-bca3-4f5d-a45b-9d3dca54f142,12 დეკემბერი 2022,"ბრძანება N 2699609/09/2020
 შპს ------------(მის: ---------)სადავო საკითხთან დაკავშირებით საჩივრის ნაწილობრივ დაკმაყოფილების თაობაზე
 შემოსავლების სამსახურმა  დავების განხილვის საბჭოს 2020 წლის 05 ივნისის და 12 აგვისტოს სხდომებზე (ოქმი №36 №58) განიხილა შპს ----- 2020 წლის 09 მარტის №52198/21 საჩივარი, შემოსავლების სამსახურის აუდიტის დეპარტამენტის 2020 წლის 28 თებერვლის №007-61 კორექტირებულ საგადასახადო მოთხოვნასთან დაკავშირებით.
სადავო საკითხი:არ ეთანხმება წარმომადგენლობით ხარჯებზე მიღებული დღგ-ის ჩათვლების გაუქმებას.
ფაქტობრივი გარემოებები:საქმეში არსებული მასალებით ირკვევა, რომ შემოსავლების სამსახურის 2019 წლის 29 ნოემბრის №41677 ბრძანებით ნაწილობრივ დაკმაყოფილდა შპს ---------- საჩივარი, კერძოდ, სადავო საკითხთან დაკავშირებით, ბრძანების სარეზოლუციო ნაწილში მითითებულია:1. შპს ----- საჩივარი დაკმაყოფილდეს ნაწილობრივ;2. დაევალოს აუდიტის დეპარტამენტს დამატებით შეისწავლოს სადავო საკითხები საქართველოს ფინანსთა სამინისტროსთან არსებული დავების განხილვის  საბჭოს 2019 წლის 09 ოქტომბრის გადაწყვეტილების შესაბამისად.3. დაევალოს აუდიტის დეპარტამენტს ამ ბრძანების მე-2 პუნქტის შესრულების შედეგების გათვალისწინებით განახორციელოს გადამხდელის პირადი აღრიცხვის ბარათის კორექტირება;4. დანარჩენ ნაწილში საჩივარი არ დაკმაყოფილდეს.საქართველოს ფინანსთა სამინისტროსთან არსებული დავების განხილვის საბჭოს 2019 წლის 09 ოქტომბრის გადაწყვეტილების მიხედვით, საქმეში არსებული გარემოებების გათვალისწინებით, საბჭომ მიიჩნია, რომ დამატებით შესწავლას საჭიროებს ერთობლივი შემოსავლიდან გამოქვითვებში უიმედო ვალის გათვალისწინების და გაცემულ სესხზე მისაღები პროცენტების ერთობლივ შემოსავალში ჩართვის საკითხი. ასევე, დამატებით შესწავლას დაექვემდებარა წარმომადგენლობით ხარჯებზე მიღებული დღგ- ს ჩათვლის გაუქმება.შემოსავლების სამსახურის 2019 წლის 29 ნოემბრის №41677 ბრძანების აღსრულების მიზნით, აუდიტის დეპარტამენტმა გამოსცა 2020 წლის 13 თებერვლის დასკვნა შპს ----- საგადასახადო შემოწმების შედეგების გადაანგარიშებაზე. აუდიტის  დეპარტამენტის   მიერ  გამოცემული  დასკვნის  და  წარმოდგენილი   ინფორმაციის თანახმად, სადავო საკითხთან მიმართებით ირკვევა შემდეგი:შემოწმების პროცესში დადგინდა, რომ საწარმოს დღგ-ის ჩათვლებში გათვალისწინებული აქვს 2015 წლამდე პერიოდის ოპერაციებზე გამოწერილი ანგარიშ-ფაქტურები. შემოწმებით შესწავლილ იქნა აღნიშნული ჩათვლების მართლზომიერება, რის შედეგად დადგინდა რომ ჩათვლებში გათვალისწინებულია 2014 წლის წარმომადგენლობით ხარჯებზე (გახსნის საზეიმო ღონისძიება) გადახდილი დღგ. გადამხდელის განმარტებით აღნიშნული ხარჯი წარმოადგენს სარეკლამო ხარჯებს და შესაბამისად დღგ-ის ჩათვლები არ ექვემდებარება გაუქმებას. გადაწყვეტილების აღსრულების მიზნით, შემოწმების მიერ განხორციელდა საწარმოს საგადასახადო ვალდებულებების გადაანგარიშება. კერძოდ, გადამხდელის მიერ წარმოდგენილ იქნა სადავო საკითხში ასახული ღონისძიების ორგანიზატორთან (შემსრულებელი პირი) გაფორმებული ხელშეკრულების დანართი, რომელშიც დეტალურად არის გაშიფრული გაწეული მომსახურების სახეები და ღირებულება. აღნიშნული დანართის ანალიზის შედეგად დადგინდა რომ ღირებულების ძირითადი თანხიდან 355 678 ლარიდან გასართობ ღონისძიებებზე, სასმელზე, საკვებზე და სტუმრებისთვის (ძირითადად დამფუძნებელი კომპანიის წარმომადგენლები და საწარმოს თანამშრომლები) გაწეულ მომსახურებაზე გადახდილი თანხა წარმოადგენს 342 197 ლარს, ხოლო სატელევიზიო სიუჟეტის მომზადებისთვის გადახდილი თანხა, სრული ღირებულების 4%-ს - 13 481 ლარს. აღნიშნული ფაქტობრივი გარემოებების და ღონისძიების შინაარსიდან გამომდინარე, შემოწმების მიერ რეკლამის ხარჯად განხილულ იქნა მხოლოდ სატელევიზიო სიუჟეტის მომზადებისთვის გადახდილი თანხები. შესაბამისად, საქართველოს საგადასახადო კოდექსის 174-ე მუხლის გათვალისწინებით, დღგ-ის ჩათვლას დაექვემდებარა 2 056 ლარი. შემოსავლების სამსახურმა განიხილა წარმოდგენილი საჩივარი და მიიჩნია, რომ საჩივარი სადავო საკითხთან დაკავშირებით უნდა დაკმაყოფილდეს ნაწილობრივ, შემდეგ გარემოებათა გამო:სადავო საკითხთან დაკავშირებით შემოსავლების სამსახური მიუთითებს საქართველოს საგადასახადო კოდექსის მე-8 მუხლის 33-ე ნაწილზე, რომლის თანახმად, წარმომადგენლობითი ხარჯი არის პირის მიერ ეკონომიკური საქმიანობის ფარგლებში გაწეული ხარჯი, რომელიც მოიცავს:ა) პირის სახელით გამართული ღონისძიებებისათვის (პრეზენტაციები, მიღებები) გათვალისწინებულ (წვენები, მინერალური წყლები, გამაგრილებელი სასმელები, ჩაი, ყავა, საუზმე, სადილი, ვახშამი, ბანკეტი) ხარჯებს;ბ) საექსკურსიო და კულტურულ-სანახაობითი ღონისძიებების ხარჯებს; გ) სუვენირების შეძენის ხარჯებს;დ) სტუმრების მომსახურების უზრუნველყოფის ხარჯებს, მათ შორის:საგადასახადო კოდექსის 174-ე მუხლის მე-2 ნაწილის თანახმად, დღგ-ის ჩათვლა ხორციელდება მხოლოდ იმ შემთხვევაში, თუ:ა) საქონელი ან/და მომსახურება გამოიყენება ან გამოყენებული იქნება:ა.ა) დასაბეგრ ოპერაციებში, გარდა ჩათვლის უფლების გარეშე გათავისუფლებული დასაბეგრი ოპერაციებისა;ა.ბ) საქონლის რეექსპორტში ან/და ექსპორტში;ა.გ) საქართველოს ტერიტორიის გარეთ მომსახურების გაწევისათვის;ა.დ) საჯარო სამართლის იურიდიული პირის მიერ სახელმწიფოსათვის ან/და ადგილობრივი თვითმმართველობისათვის საქონლის უსასყიდლოდ მიწოდებისათვის ან/და მომსახურების უსასყიდლოდ გაწევისათვის;ბ) საქონელი ან/და მომსახურება გამოიყენება ამ ნაწილის „ა“ ქვეპუნქტში აღნიშნული საქონლის წარმოებისათვის ან/და მომსახურების გაწევისათვის.ამავე მუხლის მე-3 ნაწილის „ა“ ქვეპუნქტის მიხედვით, დღგ-ის ჩათვლა არ ხორციელდება: პირის მიერ სოციალური მიზნით, გასართობი ღონისძიებებისათვის გაწეულ ხარჯზე ან წარმომადგენლობით ხარჯზე გადახდილ დღგ-ის თანხებზე, გარდა ასეთი ღონისძიებების ფარგლებში პირის მიერ საქონლის/მომსახურების მიწოდებისა, როდესაც ასეთი ხარჯის ფარგლებში შესყიდული საქონელი ან/და მომსახურება ამ პირის მიერ იბეგრება დღგ-ით;შემოწმების შედეგად, დადგინდა, რომ საწარმოს დღგ-ის ჩათვლებში გათვალისწინებული აქვს 2015 წლამდე პერიოდის ოპერაციებზე გამოწერილი ანგარიშ-ფაქტურები.შემოწმებით შესწავლილ იქნააღნიშნული  ჩათვლების  მართლზომიერება,  რის  შედეგად  დადგინდა,  რომ  ჩათვლებში გათვალისწინებულია 2014 წლის წარმომადგენლობით ხარჯებზე (გახსნის საზეიმო ღონისძიება) გადახდილი დღგ. აღნიშნულზე დაყრდნობით შემცირდა გადამხდელის დღგ-ის ჩასათვლელი თანხები.
მომჩივანი  განმარტავს,  რომ  2014  წლის  29  დეკემბერს  გაიმართა „--------“ საზეიმო გახსნის ცერემონია. მის მიზანს წარმოადგენდა -------- პოპულარიზაცია, პოტენციური კლიენტების მოზიდვა და გაყიდვების რაოდენობის ზრდა. ხელშეკრულების დანართი ასახავს ყველა ხარჯს, რომელიც გაწეული იქნა ღონისძიების ორგანიზებისთვის, მათ შორის: სცენის და სხვადასხვა კონსტრუქციების მოწყობის ხარჯი, მომღერლების, მოცეკვავეების და წამყვანების მოწვევის ხარჯები, აუდიო და ვიდეო გადაღებასთან დაკავშირებული ხარჯები, რეჟისორის, არტ-დირექტორის, მენეჯმენტის და ადმინისტრირების ხარჯები, სატრანსპორტო ხარჯები, ფურშეტის ხარჯები და სარეკლამო ხარჯები. ღონისძიების ორგანიზატორს ამავე ხელშეკრულებით ასევე დაევალა ღონისძიების პიართან დაკავშირებული რეკლამების ორგანიზება, კერძოდ კი რეკლამის უზრუნველყოფა ტელეკომპანიებში. ხელშეკრულების საერთო თანხაში შედიოდა ასევე შპს ----- -ის მომსახურების საფასური და ღონისძიების შემდგომი წვეულების გასამართი ფართის იჯარის თანხა. შპს ----- -ის მიერ გამოწერილ ანგარიშ-ფაქტურაში ცალკეა გამოყოფილი ის საქონელი, რომლის მოწოდებაც კომპანიისთვის განხორციელდა ზედნადებებით, ხოლო სხვა დანარჩენი მომსახურების საფასური გაერთიანებულია პირველ პუნქტში ------- საზეიმო გახსნის ღონისძიების ორგანიზება“. ცხადად იკვეთება კომპანიის მიერ გამართული ღონისძიების მიზანი, რასაც წარმოადგენდა ----- პრეზენტაცია, მისი პოპულარიზაცია და მომავალში გაყიდვების ხელშეწყობა. გაწეული ხარჯის თითქმის 90% დაკავშირებული იყო არა მიღების/წვეულების ხარჯებთან, არამედ ღონისძიების ორგანიზების სხვა დანარჩენ ხარჯებთან (გასართობი ღონისძიებები, სტენდები, ღონისძიების ტექნიკური მხარდაჭერა, მენეჯმენტის ხარჯი და სხვა).საქმეზე არსებული მასალების შესწავლის შედეგად, შემოსავლების სამსახური განმარტავს, რომ საგადასახადო შემოწმების შედეგად, დღგ-ის ჩასათვლელი თანხების სრულად გაუქმება და მხოლოდ სატელევიზიო სიუჟეტისთვის გაწეულ ხარჯზე გადახდილი დღგ-ის ჩათვლებში გათვალისწინება არამართლზომიერია. ამდენად, შემოსავლების სამსახურს მიაჩნია, რომ უნდა დაევალოს აუდიტის დეპარტამენტს დამატებით შეისწავლოს სადავო საკითხი და განახორციელოს საწარმოს მიერ აღნიშნული სარეკლამო სიუჟეტის მომზადებისთვის (საცხოვრებელი კომპლექსის პოპულარიზაციისთვის) გაწეულ ხარჯებზე გადახდილი დღგ-ის თანხის ჩათვლაში გათვალისწინება და საგადასახადო ვალდებულებების სათანადო კორექტირება.
საქართველოს საგადასახადო კოდექსის 304-ე მუხლის საფუძველზე,
ვ ბ რ ძ ა ნ ე ბ : 1. შპს ----- საჩივარი სადავო საკითხთან დაკავშირებით დაკმაყოფილდეს ნაწილობრივ;2. სადავო საკითხთან დაკავშირებით, დაევალოს აუდიტის დეპარტამენტს ამ ბრძანების სამოტივაციო ნაწილში მითითებული გარემოებების გათვალისწინებით, განახორციელოს საგადასახადო ვალდებულებების კორექტირება;3. დანარჩენ ნაწილში საჩივარი არ დაკმაყოფილდეს;4. აღნიშნული გადაწყვეტილება შეიძლება გასაჩივრდეს საქართველოს ფინანსთა სამინისტროსთან არსებულ დავების განხილვის საბჭოში (მის: ქ. თბილისი, ვ. გორგასლის ქ. №16) ან სასამართლოში (მის: ქ. თბილისი, დავით აღმაშენებლის ხეივანი №64), საქართველოს საგადასახადო კოდექსის XIV კარით დადგენილი წესის შესაბამისად, ამ გადაწყვეტილების ჩაბარებიდან 20 კალენდარული დღის ვადაში.","სადავო საკითხთან დაკავშირებით შემოსავლების სამსახური მიუთითებს საქართველოს საგადასახადო კოდექსის მე-8 მუხლის 33-ე ნაწილზე, რომლის თანახმად, წარმომადგენლობითი ხარჯი არის პირის მიერ ეკონომიკური საქმიანობის ფარგლებში გაწეული ხარჯი, რომელიც მოიცავს:",,,,,,,,,,,,,,,,,,,,,,,,,,,,,,,,,
ბრძანება N 28928-1,მიღების თარიღი: 12 ოქტომბერი 2018,დოკუმენტის #: 28928,დოკუმენტის ტიპი: შემოსავლების სამსახურის დავების გადაწყვეტილება,კატეგორია: საგადასახადო/საბაჟო დავა,https://infohub.rs.ge/ka/workspace/document/f4bd739d-930c-4d0f-ab4d-8c053f298d0c,12 დეკემბერი 2022,"ბრძანება N 2892812/10/2018

შპს ------------(მის: ---------)სადავო საკითხთან დაკავშირებით საჩივრისდაკმაყოფილებაზე უარის თქმის თაობაზე

შემოსავლების სამსახურის დავების განხილვის საბჭომ 2018 წლის 21 აგვისტოს გამართულ სხდომაზე (ოქმი N77) განიხილა შპს ----- საჩივარი, რომლითაც გადამხდელი არ ეთანხმება 2018 წლის 1 აგვისტოს N006-344 ,,საგადასახადო მოთხოვნას“.
გადამხდელის მიერ წარმოდგენილ საჩივარში გამოყოფილია შემდეგი სადავო საკითხი:ქურდობის შედეგად მოპარული თანხის ხელფასის სახით განაცემად დაკვალიფიცირება.საქმეში არსებული მასალებით ირკვევა, რომ შემოსავლების სამსახურის აუდიტის დეპარტამენტის 2017 წლის 17 ნოემბრის №30841 ბრძანების საფუძველზე განხორციელდა შპს ----- საქმიანობის საგადასახადო შემოწმება. შემოწმების შედეგებზე 2018 წლის 26 ივლისს შედგენილ იქნა საგადასახადო შემოწმების აქტი, გამოიცა 2018 წლის 30 ივლისის N20212 ბრძანება და გადამხდელს წარედგინა 2018 წლის 1 აგვისტოს N006-344 ,,საგადასახადო მოთხოვნა“, რომლის თანახმად საგადასახადო ვალდებულებები განისაზღვრა სულ - 51417 ლარით, მათ შორის: ძირითადი გადასახადი - 35176 ლარი და ჯარიმა 16241 ლარი.
სადავო საკითხთან დაკავშირებით საგადასახადო შემოწმების აქტიდან ირკვევა:გადამხდელის განმარტებით 2015 წლის მარტის თვეში გაქურდვის შედეგად დაიკარგა სეიფიდან 30 716 ლარი, რომელიც ბუღალტრულადაც ჩამოწერილია. აღნიშნულ შემთხვევაზე სამართალდამცავი ორგანოების მხრიდან ბრალეულობა დადგენილი არ არის.შემოწმების პროცესში გადასახადის გადამხდელმა ვერ წარმოადგინა ქურდობის ფაქტის დამადასტურებელი დოკუმენტი. შესაბამისად სსკ-ის 101-ე მუხლის საფუძველზე აღნიშნული თანხა დაკვალიფიცირდა ხელფასის სახით განაცემად და დაიბეგრა საშემოსავლო გადასახადით.
შემოსავლების სამსახურის დავების განხილვის საბჭო მიუთითებს სსკ-ის 73-ე მუხლის მე-9 ნაწილზე, რომლის თანახმად საგადასახადო ვალდებულების განსაზღვრის მიზნით საგადასახადო ორგანოს უფლება აქვს:ა) მხედველობაში არ მიიღოს სამეურნეო ოპერაციები, რომლებსაც არა აქვს არსებითი ეკონომიკური გავლენა;ბ) სამეურნეო ოპერაციის ფორმისა და შინაარსის გათვალისწინებით შეცვალოს მისი კვალიფიკაცია, თუ ოპერაციის ფორმა არ შეესაბამება მის შინაარსს.შემოსავლების სამსახურის დავების განხილვის საბჭო მიუთითებს სსკ-ის მე-100 მუხლის მე-3 ნაწილზე, რომლის თანახმად ერთობლივ შემოსავალს განეკუთვნება ნებისმიერი ფორმით ან/და საქმიანობით მიღებული შემოსავალი, კერძოდ: ა) ხელფასის სახით მიღებული შემოსავლები; ბ) ეკონომიკური საქმიანობით მიღებული შემოსავლები, რომლებიც დაკავშირებული არ არის დაქირავებით მუშაობასთან; გ) სხვა შემოსავლები, რომლებიც დაკავშირებული არ არის დაქირავებით მუშაობასთან და ეკონომიკურ საბჭომ საკითხის განხილვისას ასევე, მიუთითა სსკ-ის 101-ე მუხლის თანახმად ხელფასის სახით მიღებულ შემოსავლებს განეკუთვნება ფიზიკური პირის მიერ დაქირავებით მუშაობის შედეგად მიღებული ნებისმიერი საზღაური ან სარგებელი, მათ შორის, წინა სამუშაო ადგილიდან პენსიის ან სხვა სახით მიღებული შემოსავალი, ან შემოსავალი მომავალი სამუშაო ადგილიდან.საქართველოს ზოგადი ადმინისტრაციული კოდექსის 96–ე მუხლის თანახმად ადმინისტრაციული ორგანო ვალდებულია ადმინისტრაციული წარმოებისას გამოიკვლიოს საქმისათვის ყველა მნიშვნელოვანი გარემოება და გადაწყვეტილება მიიღოს ამ გარემოებათა შეფასებისა და ურთიერთშეჯერების საფუძველზე, რისთვისაც ზოგადი ადმინისტრაციული კოდექსის 97–ე მუხლის თანახმად მტკიცებულებათა გამოკვლევისათვის უფლებამოსილია გამოითხოვოს საქმესთან დაკავშირებული დოკუმენტები, შეაგროვოს ცნობები, მოუსმინოს დაინტერესებულ მხარეებს, დანიშნოს ექსპერტიზა, გამოიყენოს აუცილებელი დოკუმენტები და აქტები, მტკიცებულებათა შეგროვების, გამოკვლევის და შეფასების მიზნით მიმართოს კანონმდებლობით გათვალისწინებულ სხვა ზომებს. სზაკ–ის 96–ე მუხლის მე–2 პუნქტის თანახმად დაუშვებელია, ინდივიდუალური ადმინისტრაციულ– სამართლებრივი აქტის გამოცემას საფუძვლად დაედოს ისეთი გარემოება ან ფაქტი, რომელიც კანონით დადგენილი წესით არ არის გამოკვლეული ადმინისტრაციული ორგანოს მიერ.მომჩივნის განმარტებით განსახილველ შემთხვევაში 2015 წლის მარტის თვეში კომპანიაში მომხდარი ქურდობის შედეგად სეიფიდან დაიკარდა 30716 ლარი, რომელიც ბუღალტრულად არის ჩამოწერილი. მოცემულ საკითხზე სამართალდამცავი ორგანოების მხრიდან ბრალეული პირი ჯერჯერობით გამოვლნილი არ არის და საქმეზე ამჟამად მიმდინარეობს გამოძიება.ზემოაღნიშნული ფაქტობრივი გარემოებებისა და საბჭოს სხდომაზე გამოთქმული მოსაზრებების გათვალისწინებით საბჭომ მიიჩნია, რომ განსახილველ შემთხვევაში შემმოწმებელს ჰქონდა საკმარისი საფუძვლები სსკ-ის 73-ე მუხლის მე-9 ნაწილის „ბ“ ქვეპუნქტის მიხედვით შეეცვალა ოპერაციის ფორმა შინაარსის მიხედვით და საწარმოში ბუღალტრულად ჩამოწერილი ფულადი სახსრები ჩაეთვალა ანგარიშვალდებული პირის მიერ მიღებულ ხელფასად და სსკ-ის 101-ე მუხლის შესაბამისად დაებეგრა საშემოსავლო გადასახადით, ვინაიდან სამართალდამცავი ორგანოების მიერ არ არის დადგენილი ქურდობის ფაქტი. საბჭომ მიიჩნია, რომ შემოწმებით განხორციელებული დარიცხვა შესაბამისობაშია კანონმდებლობასთან და არ არსებობს მომჩივნის მიერ შემოსავლების სამსახურში წარმოდგენილი საჩივრის აღნიშნულ ნაწილში დაკმაყოფილების სამართლებრივი საფუძველი. საქართველოს საგადასახადო კოდექსის 304-ე მუხლის საფუძველზე
ვ ბ რ ძ ა ნ ე ბ : 1. შპს ----- ს საჩივარი სადავო საკითხთან დაკავშირებით არ დაკმაყოფილდეს;2. გადაწყვეტილება შეიძლება გასაჩივრდეს საქართველოს ფინანსთა სამინისტროსთან არსებულ დავების განხილვის საბჭოში (მის: ქ. თბილისი ვ. გორგასლის ქ. N16), ან სასამართლოში (მის: ქ. თბილისი, დავით აღმაშენებლის ხეივანი მე-12 კმ. N6), საქართველოს საგადასახადო კოდექსის XIV კარით დადგენილი წესის შესაბამისად, ამ გადაწყვეტილების ჩაბარებიდან 20 დღის ვადაში.",საქართველოს საგადასახადო კოდექსის 304-ე მუხლის საფუძველზე,,,,,,,,,,,,,,,,,,,,,,,,,,,,,,,,,
ბრძანება N 8822,მიღების თარიღი: 23 მარტი 2020,დოკუმენტის #: 8822,დოკუმენტის ტიპი: შემოსავლების სამსახურის დავების გადაწყვეტილება,კატეგორია: საგადასახადო/საბაჟო დავა,https://infohub.rs.ge/ka/workspace/document/44781de5-6fee-4769-a1b1-b4067b3132f0,12 დეკემბერი 2022,"N 882223/03/2020


შპს -----(მის: ქ. -------)2020 წლის 12 თებერვლის საჩივრის დაკმაყოფილებაზე უარის თქმის თაობაზე

სსიპ შემოსავლების სამსახურმა განიხილა შპს ----- ს 2020 წლის 12 თებერვლის N49436/1/2020 საჩივარი, შემოსავლების სამსახურის საგადასახადო მონიტორინგის დეპარტამენტის 2020 წლის 15 იანვრის NCB1066750 საგადასახადო სამართალდარღვევის ოქმთან დაკავშირებით. აღნიშნული საკითხი განხილული იქნა შემოსავლების სამსახურის დავების განხილვის საბჭოს 2020 წლის 13 მარტს გამართულ სხდომაზე (ოქმი N16). ფაქტების აღწერა:საგადასახადო მონიტორინგის დეპარტამენტის მიერ წარმოდგენილი ინფორმაციით დგინდება, რომ 2020 წლის 15 იანვარს, 16:42 საათზე ქ. -------, ----- გადამოწმებულ იქნა სატრანსპორტო საშუალება სახელმწიფო ნომრით -----. გადამოწმებისას დადგინდა, რომ ----- ახდენდა შპს ----- ს სამეწარმეო საქმიანობისთვის განკუთვნილი საქონლის (2000 ლარის ღირებულების 20 ტონა „ქვიშა“) ტრანსპორტირებას სასაქონლო ზედნადების გარეშე. აღნიშნულ საგადასახადო სამართალდარღვევის ფაქტზე შედგენილი იქნა NCB1066750 საგადასახადო სამართალდარღვევის ოქმი და მომჩივანს საქართველოს საგადასახადო კოდექსის 286-ე მუხლის მეორე ნაწილით სანქციის სახით შეეფარდა ჯარიმა 5000 ლარის ოდენობით.
გადასახადის გადამხდელის პოზიცია:გადასახადის გადამხდელი წარმოდგენილ საჩივარში არ ეთანხმება სამართალდარღვევის ოქმს და განმარტავს, რომ სიმართლეს არ შეესაბამება ოქმში მითითებული გარემოება. კერძოდ ის, რომ სატრანსპორტო საშუალება მოძრაობდა ელექტრონული სასაქონლო ზედნადების გარეშე, რადგან N0502959702 სასაქონლო ზედნადები არსებობდა, მაგრამ შეცდომით იყო მითითებული დანიშნულების ადგილი (მეორე ქარხნის მისამართი). აღნიშნულიდან გამომდინარე გადასახადის გადამხდელი ითხოვს სადავო საგადასახადო სამართალდარღვევის ოქმის გაუქმებას.
შემოსავლების სამსახურმა განიხილა აღნიშნული საჩივარი და მიიჩნია, რომ საჩივარი არ უნდა დაკმაყოფილდეს შემდეგ გარემოებათა გამო:საქართველოს საგადასახადო კოდექსის 136-ე მუხლის მე-4 ნაწილის თანახმად, სამეწარმეო საქმიანობისათვის ქვეყნის შიგნით საქონლის ტრანსპორტირებისას, ხოლო საქონლის მიწოდებისას მყიდველის მოთხოვნის შემთხვევაში (გარდა სპეციალური დამატებული ღირებულების გადასახადის ანგარიშ-ფაქტურების მიხედვით განხორციელებული მიწოდებისა, რომლებიც მოიცავს სასაქონლო ზედნადებით გათვალისწინებულ რეკვიზიტებს) სასაქონლო ზედნადები უნდა გამოიწეროს საქართველოს ფინანსთა მინისტრის მიერ დადგენილი ფორმითა და წესით. ამასთანავე, საქონლის მიწოდებისას მყიდველის მოთხოვნის შემთხვევაში სასაქონლო ზედნადების გამოწერისას აკრძალულია საქონლის სასაქონლო ზედნადების გარეშე შენახვა.„მიმდინარე კონტროლის პროცედურების, სასაქონლო მატერიალურ ფასეულობათა ჩამოწერის, საგადასახადო დავალიანების გადახდევინების უზრუნველყოფის, საქმისწარმოების წესის დამტკიცების თაობაზე“ საქართველოს ფინანსთა მინისტრის 2010 წლის 31 დეკემბრის №994 ბრძანებით დამტკიცებული ინსტრუქციის 72-ე მუხლის პირველი და მე-2 პუნქტების შესაბამისად:1. საქონლის დოკუმენტების გარეშე ტრანსპორტირებად/შეძენად განიხილება სამეწარმეო საქმიანობისათვის საქონლის სასაქონლო ზედნადების გარეშე ტრანსპორტირება, მყიდველის მოთხოვნისას სასაქონლო ზედნადების გაუცემლობა ან საქონლის შეძენისას სასაქონლო ზედნადების მიღებაზე უარის თქმა.2. დოკუმენტების გარეშე საქონლის ტრანსპორტირების/შეძენის ფაქტის გამოვლენის მიზნით, პირის და სატრანსპორტო საშუალების გაჩერებას, სატრანსპორტო საშუალების ვიზუალურ დათვალიერებას, საქონლის დათვლას თანმხლებ საბუთებთან შესაბამისობის დასადგენად, სატრანსპორტო საშუალებისა და საქონლის თანმხლები საბუთების, ასევე პირადობის დამადასტურებელი საბუთების შემოწმებას და საჭიროების შემთხვევაში აღნიშნული პროცედურების დასაფიქსირებლად ტექნიკური საშუალებების გამოყენებას ახორციელებს საგადასახადო ორგანოს უფლებამოსილი პირი. ამასთან, შესაბამისი პირისა და სატრანსპორტო საშუალების მძღოლის დაუმორჩილებლობის შემთხვევაში საგადასახადო ორგანოს უფლებამოსილ თანამშრომელს უფლება აქვს, გამოიყენოს საქართველოს კანონმდებლობით გათვალისწინებული ღონისძიებები.საქართველოს საგადასახადო კოდექსის 269-ე მუხლის პირველი ნაწილის თანახმად, საგადასახადო სამართალდარღვევად ითვლება პირის მართლსაწინააღმდეგო ქმედება (მოქმედება ან უმოქმედობა), რომლისთვისაც ამ კოდექსით გათვალისწინებულია პასუხისმგებლობა. საგადასახადო სამართალდარღვევისათვის პირს პასუხისმგებლობა შეიძლება დაეკისროს მხოლოდ ამ კოდექსით დადგენილი საფუძვლითა და წესით.საქართველოს საგადასახადო კოდექსის 286-ე მუხლის პირველი ნაწილის თანახმად, სამეწარმეო საქმიანობისათვის საქონლის სასაქონლო ზედნადების გარეშე ტრანსპორტირება, მყიდველის მოთხოვნისას სასაქონლო ზედნადების გაუცემლობა ან საქონლის შეძენისას სასაქონლო ზედნადების მიღებაზე უარის თქმა, თუ სასაქონლო ზედნადების გარეშე ტრანსპორტირებული ან მიწოდებული/მისაწოდებელი საქონლის საბაზრო ღირებულება არ აღემატება 10 000 ლარს, იწვევს პირის დაჯარიმებას 500 ლარის ოდენობით.ამავე მუხლის მეორე ნაწილის თანახმად, ამ მუხლის პირველი ნაწილით გათვალისწინებული ქმედება, ჩადენილი განმეორებით იწვევს პირის დაჯარიმებას 5 000 ლარის ოდენობით.საქართველოს საგადასახადო კოდექსის 302-ე მუხლის მეექვსე ნაწილის თანახმად, შემოსავლების სამსახურს უფლება აქვს, მომჩივნის დაუსწრებლად განიხილოს საჩივარი, თუ საქმეში არსებული მასალებიდან სრულად დგინდება დავის საგანთან დაკავშირებული ფაქტობრივი გარემოებები.ყოველივე აღნიშნულის გათვალისწინებით, ვინაიდან, საქმეზე არსებული მასალებით დასტურდება, რომ გადასახადის გადამხდელის მხრიდან ადგილი ჰქონდა საგადასახადო სამართალდარღვევის ჩადენის ფაქტს, შემოსავლების სამსახურმა მიიჩნია, რომ გადასახადის გადამხდელის საჩივარი დაუსაბუთებელია და საგადასახადო მონიტორინგის დეპარტამენტის მიერ 2020 წლის 15 იანვრის NCB1066750 საგადასახადო სამართალდარღვევის ოქმი შედგენილია კანონმდებლობის მოთხოვნათა დაცვით და არ არსებობს მისი გაუქმების სამართლებრივი საფუძველი. საქართველოს საგადასახადო კოდექსის 304-ე მუხლის საფუძველზე,
ვ ბ რ ძ ა ნ ე ბ : 1. შპს ----- ს საჩივარი არ დაკმაყოფილდეს;2. აღნიშნული გადაწყვეტილება შეიძლება გასაჩივრდეს საქართველოს ფინანსთა სამინისტროსთან არსებულ დავების განხილვის საბჭოში (მის: ქ. თბილისი, ვ. გორგასლის ქ. 16) ან სასამართლოში (მის: ქ. თბილისი, აღმაშენებლის ხეივანი, N64), საქართველოს საგადასახადო კოდექსის XIV კარით დადგენილი წესის შესაბამისად, მისი ჩაბარებიდან 20 დღის ვადაში.","ყოველივე აღნიშნულის გათვალისწინებით, ვინაიდან, საქმეზე არსებული მასალებით დასტურდება, რომ გადასახადის გადამხდელის მხრიდან ადგილი ჰქონდა საგადასახადო სამართალდარღვევის ჩადენის ფაქტს, შემოსავლების სამსახურმა მიიჩნია, რომ გადასახადის გადამხდელის საჩივარი დაუსაბუთებელია და საგადასახადო მონიტორინგის დეპარტამენტის მიერ 2020 წლის 15 იანვრის NCB1066750 საგადასახადო სამართალდარღვევის ოქმი შედგენილია კანონმდებლობის მოთხოვნათა დაცვით და არ არსებობს მისი გაუქმების სამართლებრივი საფუძველი.",დაკმაყოფილებაზე უარის თქმის თაობაზე,,,,,,,,,,,,,,,,,,,,,,,,,,,,,,,,
ბრძანება N 28928-2,მიღების თარიღი: 12 ოქტომბერი 2018,დოკუმენტის #: 28928,დოკუმენტის ტიპი: შემოსავლების სამსახურის დავების გადაწყვეტილება,კატეგორია: საგადასახადო/საბაჟო დავა,https://infohub.rs.ge/ka/workspace/document/4a41851d-f03b-4844-9ef4-bfe5080216ba,12 დეკემბერი 2022,"ბრძანება N 2892812/10/2018


შპს ------------(მის: ---------)სადავო საკითხთან დაკავშირებითსაჩივრის დაკმაყოფილების შესახებ

შემოსავლების სამსახურის დავების განხილვის საბჭომ 2018 წლის 21 აგვისტოს გამართულ სხდომაზე (ოქმი N77) განიხილა შპს ----------- საჩივარი, რომლითაც გადამხდელი არ ეთანხმება 2018 წლის 1 აგვისტოს N006-344 ,,საგადასახადო მოთხოვნას“.

გადამხდელის მიერ წარმოდგენილ საჩივარში გამოყოფილია შემდეგი სადავო საკითხი:ქონების გადასახადში დარიცხვა.
საქმეში არსებული მასალებით ირკვევა, რომ შემოსავლების სამსახურის აუდიტის დეპარტამენტის 2017  წლის 17 ნოემბრის  №30841 ბრძანების საფუძველზე განხორციელდა შპს ----- საქმიანობის საგადასახადო შემოწმება. შემოწმების შედეგებზე 2018 წლის 26 ივლისს შედგენილ იქნა საგადასახადო შემოწმების აქტი, გამოიცა 2018 წლის 30 ივლისის N20212 ბრძანება და გადამხდელს წარედგინა 2018 წლის 1 აგვისტოს N006-344 ,,საგადასახადო მოთხოვნა“, რომლის თანახმად საგადასახადო ვალდებულებები განისაზღვრა სულ  - 51417 ლარით, მათ შორის: ძირითადი გადასახადი - 35176 ლარი და ჯარიმა 16241 ლარი.საჩივარში დასმულ სადავო საკითხთან დაკავშირებით საგადასახადო შემოწმების აქტიდან ირკვევა, რომ ,,გადასახადის გადამხდელს შესამოწმებელ პერიოდში საკუთრებაში გააჩნია ქ. ------- ში მდებარე შენობა-ნაგებობა, რომელსაც იყენებს როგორც სამედიცინო საქმიანობაში ასევე საიჯარო მომსახურების გაწევაში. გადასახადის გადამხდელი შესამოწმებელ პერიოდში ბალანსზე რიცხულ ძირითად საშუალებებზე (უძრავ/მოძრავი ქონება) პროპორცილად იხდის ქონების გადასახადს, ხოლო სამედიცინო საქმიანობაში გამოყენებულ შენობის ნაწილზე სარგებლობს სსკ-ის 206-ე მუხლის 1 ნაწილის ""წ"" ქვეპუნქტით.
""სსკ-ის 201-ე მუხლის თანახმად ქონების გადასახადის გადამხდელია:ა) რეზიდენტი საწარმო/ორგანიზაცია – მის ბალანსზე ძირითად საშუალებად ან/და საინვესტიციო ქონებად აღრიცხულ აქტივებზე, დაუმონტაჟებელ მოწყობილობებზე, დაუმთავრებელ მშენებლობაზე, აგრეთვე მის მიერ ლიზინგით გაცემულ ქონებაზე;სსკ-ის 206-ე მუხლის მიხედვით შესაბამისი დაბეგვრის ობიექტის მიხედვით ქონების გადასახადისაგან გათავისუფლებულია:წ) სამედიცინო საქმიანობისათვის გამოყენებული ქონება, გარდა მიწისა, რომელიც სამედიცინო დაწესებულებათა საკუთრებაშია ან ასეთ დაწესებულებებზე ლიზინგით არის გაცემული;სსკ-ის 202-ე მუხლის 4(1) ნაწილით საქართველოს ფინანსთა მინისტრის ბრძანებით დამტკიცებული წესით გათვალისწინებულ შემთხვევებში საგადასახადო ორგანო უფლებამოსილია გადასახადის გადამხდელს საგადასახადო შემოწმებისას დასაბეგრი ქონების ღირებულება განუსაზღვროს საბაზრო ფასით. აღნიშნული ნორმა არ ვრცელდება ამ მუხლის მე-2 ნაწილით გათვალისწინებულ შემთხვევებზე. თუ დასაბეგრი ქონების საბაზრო ფასი აღემატება მის საბალანსო ღირებულებას:  ა)  პირს  დასაბეგრი  ქონების  ღირებულების  სხვაობაზე  დაერიცხება  ქონების გადასახადის ძირითადი თანხა. ამასთანავე, აღნიშნულ თანხაზე საურავი დაეკისრება მხოლოდ საგადასახადო მოთხოვნის ჩაბარების დღის შემდეგ 30-ე დღიდან, ხოლო აღნიშნული სხვაობა გადასახადის შემცირებად არ ჩაითვლება.სსკ-ის 201-ე, 202-ე და 206-ე მუხლების გათვალისწინებით, შესამოწმებელ პერიოდში გადასახადის გადამხდელის მიერ იჯარით გაცემული შენობა ნაგებობის პროპორციულად გაანგარიშდა გადასახადის გადამხდელის კუთვნილი ქონების გადასახადი შესაბამისი პერიოდების მიხედვით, ქონების გადასახადის გაანგარიშების მიზნით გამოყენებულ იქნა შპს -------ის მიერ განსაზღვრული შპს ------- ს ქ. ------- მდებარე შენობა-ნაგებობის საბაზრო ღირებულების მონაცემები. გადასახადის გადამხდელს დაერიცხა კუთვნილი ქონების გადასახადი და ჯარიმა სსკ-ის 275-ე მუხლის მიხედვით.""მომჩივანი საბჭოს სხდომაზე არ დაეთანხმა შემოწმების კვალიფიკაციას იმ ნაწილში,სადაც საქართველოს საგადასახადო კოდექსის 206-ე მუხლის პირველი ნაწილის ,,წ“ ნაწილით გათვალისწინებული შეღავათი არ  გავრცელდა. მომჩივნის განმარტებით საგადასახადო შემოწმებით ქონების გადასახადით დაბეგვრის არეალში მოექცა შენობა-ნაგებობა რემონტის პერიოდშიც. კერძოდ, შენობა-ნაგებობის ქვედა სართულებზე დარიცხვა მოხდა 3 თვეზე, ხოლო შენობის ზედა სართულზე - 5 თვეზე. ნიშანდობლივია, რომ რემონტი გამიზნული იყო შენობის სამედიცინო საქმიანობისთვის მოსამზადებლად და შესაბამისად, შენობა-ნაგებობაზე ამ პერიოდზეც უნდა გავრცელდეს სსკ-ის 206-ე მუხლის პირველი ნაწილის ,,წ“ ქვეპუნქტით გათვალისწინებული შეღავათი.საბჭომ გაიზიარა მომჩივნის არგუმენტაცია და განმარტა, რომ სამედიცინო საქმიანობისთვის განკუთვნილი შენობა ნაგებობის სარემონტო სამუშაოების შესრულების პერიოდში ქონების გადასახადით დაბეგვრა არამართებულია და მიიჩნია, რომ უნდა დაევალოს აუდიტის დეპარტამენტს სამედიცინო საქმიანობისათვის გამოყენებულ შენობაზე სამშენებლო-სარემონტო სამუშაოების შესრულების პერიოდებში გაავრცელოს სსკ-ის 206-ე მუხლის პირველი ნაწილის ,,წ“ ქვეპუნქტით გათვალისწინებული შეღავათი და შესაბამისად უზრუნველყოს ამ ნაწილში შემოწმების აქტით დარიცხული ქონების გადასახადის შემცირება. საქართველოს საგადასახადო კოდექსის 304-ე მუხლის საფუძველზე
ვ ბ რ ძ ა ნ ე ბ : 1.  შპს -------- საჩივარი სადავო საკითხთან დაკავშირებით დაკმაყოფილდეს;2. დაევალოს აუდიტის დეპარტამენტს სამედიცინო საქმიანობისათვის გამოყენებულ შენობაზე სამშენებლო-სარემონტო სამუშაოების შესრულების პერიოდებში გაავრცელოს სსკ-ის 206-ე მუხლის პირველი ნაწილის ,,წ“ ქვეპუნქტით გათვალისწინებული შეღავათი და შესაბამისად უზრუნველყოს ამ ნაწილში შემოწმების აქტით დარიცხული ქონების გადასახადის შემცირება.3. ამ ბრძანების შესრულების შედეგების გათვალისწინებით, განხორციელდეს გადამხდელის პირადი აღრიცხვის ბარათის კორექტირება.4.გადაწყვეტილება შეიძლება გასაჩივრდეს საქართველოს ფინანსთა სამინისტროსთან არსებულ დავების განხილვის საბჭოში (მის: ქ. თბილისი ვ. გორგასლის ქ. N16), ან სასამართლოში (მის: ქ. თბილისი, დავით აღმაშენებლის ხეივანი მე-12 კმ. N6), საქართველოს საგადასახადო კოდექსის XIV კარით დადგენილი წესის შესაბამისად, ამ გადაწყვეტილების ჩაბარებიდან 20 დღის ვადაში.","საბჭომ გაიზიარა მომჩივნის არგუმენტაცია და განმარტა, რომ სამედიცინო საქმიანობისთვის განკუთვნილი შენობა ნაგებობის სარემონტო სამუშაოების შესრულების პერიოდში ქონების გადასახადით დაბეგვრა არამართებულია და მიიჩნია, რომ უნდა დაევალოს აუდიტის დეპარტამენტს სამედიცინო საქმიანობისათვის გამოყენებულ შენობაზე სამშენებლო-სარემონტო სამუშაოების შესრულების პერიოდებში გაავრცელოს სსკ-ის 206-ე მუხლის პირველი ნაწილის ,,წ“ ქვეპუნქტით გათვალისწინებული შეღავათი და შესაბამისად უზრუნველყოს ამ ნაწილში შემოწმების აქტით დარიცხული ქონების გადასახადის შემცირება.",საჩივრის დაკმაყოფილების შესახებ,,,,,,,,,,,,,,,,,,,,,,,,,,,,,,,,
ბრძანება N 27424,მიღების თარიღი: 07 აგვისტო 2019,დოკუმენტის #: 27424,დოკუმენტის ტიპი: შემოსავლების სამსახურის დავების გადაწყვეტილება,კატეგორია: საგადასახადო/საბაჟო დავა,https://infohub.rs.ge/ka/workspace/document/4fecd87d-5143-4b96-948c-30e8afd20083,12 დეკემბერი 2022,"ბრძანება N 2742407/08/2019
  შპს -------------(მის: ქ. -------)სადავო საკითხთან დაკავშირებითსაჩივრის არ დაკმაყოფილების თაობაზე

სსიპ შემოსავლების სამსახურმა განიხილა შპს ----- N40323/1/2019 საჩივარი, რომლითაც გადასახადის გადამხდელი არ ეთანხმება შემოსავლების სამსახურის აუდიტის დეპარტამენტის 2018 წლის 31 დეკემბრის N006-1024 „საგადასახადო მოთხოვნას“. აღნიშნული საკითხი განხილული იქნა შემოსავლების სამსახურის დავების განხილვის საბჭოს 2019 წლის 19 ივლისის სხდომაზე (ოქმი N51).გადამხდელი არ ეთანხმება დღგ-ს სავალდებულო რეგისტრაციას და მოსწავლეთა კვების ცალკე მომსახურებად გამოყოფას.
საქმეში არსებული მასალებით ირკვევა, რომ შემოსავლების სამსახურის აუდიტის დეპარტამენტის 2018 წლის 24 აპრილის N9591 ბრძანების საფუძველზე შპს ----- ჩაუტარდა კამერალური სრული საგადასახადო შემოწმება. შემოწმების შედეგებზე 2018 წლის 28 დეკემბერს შედგენილი იქნა საგადასახადო შემოწმების აქტი. შემოწმების აქტის საფუძველზე 2018 წლის 31 დეკემბერს ამოიცა N39491 ბრძანება და 1.12.2018წ N006-1024 „საგადასახადო მოთხოვნა“, რომლითაც საწარმოს დამატებით გადასახდელად დაერიცხა სულ 498364 ლარი, მათ შორის გადასახადი -224305 ლარი, ჯარიმა - 148480 ლარი და საურავი - 125579 ლარი.
შემოწმების აქტით მიხედვით სადავო საკითხთან დაკავშირებით დარიცხვა გამოწვეულია შემდეგი გარემოებებით:შესამოწმებელ პერიოდში გადასახადის გადამხდელს გაწეული აქვს მოსწავლეებისათვის კვების მომსახურება, სატრანსპორტო მომსახურება, ასევე სკოლამდელი ასაკის ბავშვების და აბიტურიენტების მომზადება, იჯარით აქვს გაცემული ფართები, ასევე მაგთიკომისგან იღებს აპარატურის განთავსების მომსახურების საფასურს და სხვა. შემოწმების მიერ საგადასახადო ვალდებულებების განსაზღვრისათვის გამოყენებულ იქნა სსკ-ის 73 მუხლი, დასაბეგრი ბაზა გაანგარიშებულ იქნა არაპირდაპირი მეთოდით გადამხდელის მიერ მოწოდებული ინფორმაციის და გამოთხოვილი ინფორმაციის ანალიზის საფუძველზე. სსკ-ის 168 მუხლის მე-2 ნაწილის ,,ნ"" ქვეპუნქტის თანახმად, ჩათვლის უფლების გარეშე დღგ-ისგან გათავისუფლებულია საგანმანათლებლო დაწესებულებათა მიერ გაწეული განათლების მომსახურება. ""უმაღლესი განათლების შესახებ"" საქართველოს კანონის 121-ე მუხლის მიხედვით, უმაღლესი საგანმანათლებლო დაწესებულების სტატუსის მოპოვება და შესაბამისი საგანმანათლებლო საქმიანობის განხორციელება შესაძლებელია მხოლოდ ავტორიზაციის გავლის შემთხვევაში. ამასთან, პირისთვის აღნიშნული სტატუსის მინიჭება ხორციელდება იმ შემთხვევაში, თუ იგი ახორციელებს აკრედიტებულ საგანმანათლებლო პროგრამას. კანონმდებლობა საგანმანათლებლო დაწესებულების სტატუსის მქონე პირებს არ უკრძალავს განახორციელოს საქმიანობა, რომელიც არ საჭიროებს ავტორიზაციას. მაგრამ ამ შემთხევაში პირი აღნიშნულ საქმიანობას ახორციელებს არა როგორც ავტორიზებული პირი (საგანმანათლებლო დაწესებულება). შესაბამისად, ასეთი საქმიანობა შემოწმების მიერ განხილულ იქნა დამატებით საქმიანობად, რომელიც არ არის დაკავშირებული საგანმანათლებლო დაწესებულების სტატუსთან. სსკ-ის 168-ე მუხლის მე-2 ნაწილის ""ნ"" ქვეპუნქტის მიზნებისათვის, უმაღლესი საგანმანათლებლო დაწესებულების მიერ განხორციელებულ განათლების მომსახურებას წარმოადგენს ავტორიზაციის ფარგლებში განხორციელებული აკრედიტირებული საგანმანათლებლო პროგრამით მოცული განათლების მომსახურება, ვინაიდან სწორედ ამ საქმიანობის ნაწილში პირი ითვლება უმაღლეს საგანმანათლებლო დაწესებულებად. შესაბამისად, აღნიშნული მუხლი არ ათავისუფლებს გადამხდელს დღგ-ის გადახდის ვალდებულებისაგან საქმიანობის იმ ნაწილში, რომელიც არ საჭიროებს ავტორიზაციას. სსკ-ის 161-ე მუხლის თანხმად, სხვა მომსახურებით მიღებული შემოსავალი დაექვემდებარა დღგ დაბეგვრას. გადამხდელს დაერიცხა ჯარიმა დღგ- ის გადამხდელად რეგისტრაციის გარეშე საქმიანობისათვის და სსკ-ის 275-ე მუხლის მიხედვით. გადასახადის გადამხდელი არ არის რეგისტრირებული დამატებული ღირებულების გადამხდელად, შესაბამისად ვერ მოახდენდა დღგ-ით დასაბეგრ ოპერაციებთან დაკავშირებულ ჩათვლებს. საკვები პროდუქტების შეძენაზე გამოწერილი საგადასახადო ანგარიშ-ფაქტურებით სსკ-ის 174-ე მუხლის მიხედვით შემოწმების მიერ ჩათვლილ იქნა დამატებული ღირებულების გადასახადი.
შემოსავლების სამსახურმა განიხილა წარმოდგენილი საჩივარი და მიიჩნია, რომ იგი არ უნდა დაკმაყოფილდეს შემდეგ გარემოებათა გამო:საჩივარში დასმულ სადავო საკითხთან დაკავშირებით შემოსავლების სამსახური მიუთითებს, რომ შესამოწმებელ პერიოდში გადასახადის გადამხდელს გაწეული აქვს მოსწავლეებისათვის კვების მომსახურება, სატრანსპორტო მომსახურება, ასევე სკოლამდელი ასაკის ბავშვების და აბიტურიენტების მომზადება, იჯარით აქვს გაცემული ფართები, ასევე მაგთიკომისგან იღებს აპარატურის განთავსების მომსახურების საფასურს და სხვა. შემოწმების მიერ საგადასახადო ვალდებულებების განსაზღვრისათვის გამოყენებულ იქნა სსკ-ის 73-ე მუხლი, დასაბეგრი ბაზა გაანგარიშებულ იქნა არაპირდაპირი მეთოდით გადამხდელის მიერ მოწოდებული ინფორმაციის და გამოთხოვილი ინფორმაციის ანალიზის საფუძველზე.სსკ-ის 168 მუხლის მე-2 ნაწილის ,,ნ"" ქვეპუნქტის თანახმად, ჩათვლის უფლების გარეშე დღგ-ისგან გათავისუფლებულია საგანმანათლებლო დაწესებულებათა მიერ გაწეული განათლების მომსახურება.შემოსავლების სამსახური მიუთითებს, რომ ""უმაღლესი განათლების შესახებ"" საქართველოს კანონის 121-ე მუხლის მიხედვით, უმაღლესი საგანმანათლებლო დაწესებულების სტატუსის მოპოვება და შესაბამისი საგანმანათლებლო საქმიანობის განხორციელება შესაძლებელია მხოლოდ ავტორიზაციის გავლის შემთხვევაში. ამასთან, პირისთვის აღნიშნული სტატუსის მინიჭება ხორციელდება იმ შემთხვევაში, თუ იგი ახორციელებს აკრედიტებულ საგანმანათლებლო პროგრამას. კანონმდებლობა საგანმანათლებლო დაწესებულების სტატუსის მქონე პირებს არ უკრძალავს განახორციელოს საქმიანობა, რომელიც არ საჭიროებს ავტორიზაციას. მაგრამ ამ შემთხევაში პირი აღნიშნულ საქმიანობას ახორციელებს არა როგორც ავტორიზებული პირი (საგანმანათლებლო დაწესებულება). შესაბამისად, ასეთი საქმიანობა დამატებითი საქმიანობაა, რომელიც არ არის დაკავშირებული საგანმანათლებლო დაწესებულების სტატუსთან.სსკ-ის 168-ე მუხლის მე-2 ნაწილის ""ნ"" ქვეპუნქტის მიზნებისათვის, უმაღლესი საგანმანათლებლო დაწესებულების მიერ განხორციელებულ განათლების მომსახურებას წარმოადგენს ავტორიზაციის ფარგლებში განხორციელებული აკრედიტირებული საგანმანათლებლო პროგრამით მოცული განათლების მომსახურება, ვინაიდან სწორედ ამ საქმიანობის ნაწილში პირი ითვლება უმაღლეს საგანმანათლებლო დაწესებულებად. შესაბამისად, აღნიშნული მუხლი არ ათავისუფლებს  გადამხდელს დღგ-ის გადახდის ვალდებულებისაგან საქმიანობის იმ ნაწილში, რომელიც არ საჭიროებს ავტორიზაციას.ამასთან საყურადღბოა, რომ გადასახადის გადამხდელი არ არის დარეგისტრირებული დამატებული ღირებულების გადამხდელად.შემოსავლების სამსახურს მიაჩნია, რომ საქართველოს ზოგადი ადმინისტრაციული კოდექსის 96–ე მუხლის თანახმად ადმინისტრაციული ორგანო ვალდებულია ადმინისტრაციული წარმოებისას გამოიკვლიოს საქმისათვის ყველა მნიშვნელოვანი გარემოება და გადაწყვეტილება მიიღოს ამ გარემოებათა შეფასებისა და ურთიერთშეჯერების საფუძველზე, რისთვისაც ზოგადი ადმინისტრაციული კოდექსის 97–ე მუხლის საფუძველზე მტკიცებულებათა გამოკვლევისათვის უფლებამოსილია გამოითხოვოს საქმესთან დაკავშირებული დოკუმენტები, შეაგროვოს ცნობები, მოუსმინოს დაინტერესებულ მხარეებს, დანიშნოს ექსპერტიზა, გამოიყენოს აუცილებელი დოკუმენტები და აქტები, მტკიცებულებათა შეგროვების, გამოკვლევის და შეფასების მიზნით მიმართოს კანონმდებლობით გათვალისწინებულ სხვა ზომებს.შემოსავლების სამსახურმა მიიჩნია, რომ აუდიტის დეპარტამენტს სადავო აქტის გამოცემისას ადმინისტრაციული წარმოების პროცესში სრულყოფილად განახორციელეს საქმისათვის მნიშვნელობის მქონე ყველა გარემოების გამოკვლევა-შეფასების პროცედურა და გადაწყვეტილება მიღებულ იქნა ამ გარემოებათა შეფასებისა და ურთიერთშეჯერების საფუძველზე, რის გამოც სადავო აქტები დასაბუთებულია და კანონიერია.ყოველივე ზემოაღნიშნულიდან გამომდინარე და საქმეში არსებული მასალების გათვალისწინებით, შემოსავლების სამსახური განმარტავს, რომ გადასახადის გადამხდელის მიერ საჩივარში წარმოდგენილი არგუმენტები სამართლებრივ-პროცესუალური დარღვევების საფუძვლით ჩატარებული საგადასახადო შემოწმების აქტის ბათილად ცნობის თაობაზე არ წარმოადგენს ადმინისტრაციულ-სამართლებრივი აქტის მომზადების ან გამოცემის წესის არსებით დარღვევას, იგი არ ეწინააღმდეგება კანონს და არსებითად არ არის დარღვეული მისი მომზადების და გამოცემის კანონმდებლობით დადგენილი სხვა მოთხოვნები. ამდენად, შემოსავლების სამსახურმა მიიჩნია, რომ განხორციელებული დარიცხვა შესაბამისობაშია კანონმდებლობასთან. გადამხდელის არგუმენტები, რომლებიც მითითებულია საჩივარში ვერ გახდება ადმინისტრაციულ-სამართლებრივი აქტის ბათილობის საფუძველი, რაც საჩივრის ამ ნაწილში უარყოფის საფუძველია. აღნიშნულიდან გამომდინარე, საქართველოს საგადასახადო კოდექსის 304-ე მუხლის საფუძველზე,
ვ ბ რ ძ ა ნ ე ბ : 1. შპს ----- ს საჩივარი სადავო საკითხთან დაკავშირებით არ დაკმაყოფილდეს;2.ბრძანების გასაჩივრება შესაძლებელია საქართველოს ფინანსთა სამინისტროსთან არსებულ დავების განხილვის საბჭოში (მის: ქ. თბილისი, ვ. გორგასლის ქ. N 16) ან სასამართლოში (მის. ქ. თბილისი აღმაშენებლის ხეივანი მე-12 კმ. N6), საქართველოს საგადასახადო კოდექსის XIV კარით დადგენილი წესის შესაბამისად მისი ჩაბარებიდან 20 დღის ვადაში.","აღნიშნულიდან გამომდინარე, საქართველოს საგადასახადო კოდექსის 304-ე მუხლის საფუძველზე,",,,,,,,,,,,,,,,,,,,,,,,,,,,,,,,,,
ბრძანება N 27913,მიღების თარიღი: 03 ოქტომბერი 2018,დოკუმენტის #: 27913,დოკუმენტის ტიპი: შემოსავლების სამსახურის დავების გადაწყვეტილება,კატეგორია: საგადასახადო/საბაჟო დავა,https://infohub.rs.ge/ka/workspace/document/283eb348-d267-47a3-8bbd-64ff4920e436,12 დეკემბერი 2022,"ბრძანება N 27913 03/10/2018

შპს --------------(მის :ქ. ------- )სადავო საკითხთან დაკავშირებითსაჩივრის ნაწილობრივ დაკმაყოფილების თაობაზე

შემოსავლების სამსახურის დავების განხილვის საბჭომ 2018 წლის 21 სექტემბერს გამართულ სხდომაზე (ოქმი N77) განიხილა შპს ----- ს საჩივარი, რომლითაც გადამხდელი არ ეთანხმება შემოსავლების სამსახურის აუდიტის დეპარტამენტის 2018 წლის 13 ივლისის N022-16 „საგადასახადო მოთხოვნა“-ს.
გადასახადის გადამხდელის მოთხოვნა:გადამხდელი არ ეთანხმება საგადასახადო შემოწმების შედეგებს და ითხოვს გაყინული თევზის რეალიზაციაზე დამატებით დარიცხული დღგ-ს შემცირებას.
ფაქტობრივი გარემოებები:საქმეში არსებული მასალებით ირკვევა, რომ შემოსავლების სამსახურის აუდიტის დეპარტამენტის 2018 წლის 04 აპრილის N7884 ბრძანების საფუძველზე ჩატარდა შპს ----- ს საქმიანობის გასვლითი საგადასახადო შემოწმება ბიუჯეტთან ანგარიშსწორების კუთხით, შესამოწმებელი პერიოდი განისაზღვრა 2015 წლის 29 ივლისიდან (რეგისტრაციის თარიღიდან) 2018 წლის 1 მარტამდე საანგარიშო პერიოდები. შემოწმების შედეგებზე 2018 წლის 09 ივლისს შედგა გასვლითი საგადასახადო შემოწმების აქტი, რაზეც გამოიცა გადასახადების/გადასახადელების და საგადასახადო სანქციების თანხების დარიცხვის/შემცირების შესახებ 2018 წლის 13 ივლისის N18025 ბრძანება და 2018 წლის 13 ივლისის N022-16 „საგადასახადო მოთხოვნა“.
სადავო საკითხთან დაკავშირებით შემოწმების მიერ წარმოდგენილი ინფორმაციის თანახმად საგადასახადო შემოწმების აქტით დარიცხვა გამოწვეულია შემდეგი გარემოებებით:სადავო საკითხთან დაკავშირებით: საწარმოს საქმიანობის საგანს წარმოადგენს თევზის მოშენება, გაზრდა და რეალიზაცია. თევზის შეძენა ხდება როგორც ადგილობრივ ბაზარზე, ასევე საზღვარგარეთ იმპორტის გზით. თევზის შეძენიდან რეალიზაციამდე ხდება მისი კვება, მოვლა, გაზრდა. თევზის რეალიზაცია ხდება როგორც ცოცხალი სახით, გაუყინავი, გამოუშიგნავი, ასევე გამოშიგნულ გაყინული, გაყინული გამოუშიგნავი და ორაგულის სტეიკი. შპს ----- ს  შპს ---- თან დადებული აქვს ხელშეკრულება, რომლითაც შემსრულებელი იღებს ვალდებულებას შეასრულოს შემდეგი სამუშაოები: კალმახის გემიდან გადმოტანა, ტრანსპორტირება, გამოშიგვნა, გაყინვა, შეფუთვა 20 კგ-იან მუყაოს ყუთებში და შენახვა. ამავე ხელშეკრულების დანართის მიხედვით, თევზის გადამუშავების პროცესში თევზი თავსდება პლასტმასის ყუთშიმ და ჳ჻ფ სისტემით იყინება -40 გრადუსამდე 8 საათის განმავლობაში, როდესაც თევზის ხორცში ტემპერატურა მიაღწევს -18 გრადუსს, ხდება თევზის გამოტანა ,,შოკ"" კამერიდან, გლაზირება, თევზი მოთავსდება ყუთებში და ინახება მაცივარში -18 გრადუს ტემპერატურაზე.საქართველოს შრომის, ჯანმრთელობისა და სოციალური დაცვის მინისტრის ბრძანება ნ305/ნ 26-ე მუხლის მე-2 ნაწილის მიხედვით, რომელიც განსაზაღვრავს თევზის შენახვისა და ტრანსპორტირების პირობებს, კერძოდ, გაყინული პროდუქცია უნდა ინახებოდეს არა უმეტეს -18 გრადუს ტემპერატურაზე. ტექნიკური სტანდარტების „გჴშთ 244“-ე სტანდარტის მიხედვით თევზის გაციება გულისხმობს თევზის სხეულის ტემპერატურის შენარჩუნებას -1-დან +5 გრადუსამდე, ხოლო გაციებული თევზის შენახვისას ტემპერატურა უნდა იყოს 0-დან -2 გრადუსამდე. საწარმო სსკ-ის 168-ე (4,ფ)  და 8 (6""2"") მუხლების საფუძველზე დღგ-ის 0%იანი განაკვეთით ბეგრავს თევზის რეალიზაციას ცოცხალი სახით, გაუყინავი, გამოუშიგნავი; გამოშიგნულ გაყინული; გაყინული გამოუშიგნავი;სსკ-ის 168-ე მუხლით ჩათვლის უფლებით დღგ-ისგან გათავისუფლებულია - ფ) საქართველოში წარმოებული სოფლის მეურნეობის პროდუქციის (გარდა საგარეო-ეკონომიკური საქმიანობის ეროვნული სასაქონლო ნომენკლატურის 0407 00 190 00 და 0407 00 300 00 კოდებში მითითებული საქონლისა (კვერცხისა) და 0207 11 სუბპოზიციაში მითითებული საქონლისა (შინაური ქათამი აუქნელი, ახალი ან გაციებული)) მიწოდება მის სამრეწველო გადამუშავებამდე (სასაქონლო კოდის შეცვლამდე);"" აგრეთვე სსკ-ის მე-8 მუხლის 62 ნაწილით ""სოფლის მეურნეობის პროდუქცია არის სასოფლო-სამეურნეო საქმიანობიდან მიღებული პროდუქტი, ამასთანავე სოფლის მეურნეობის პროდუქციის სამრეწველო გადამუშავებად (სასაქონლო კოდის შეცვლად) არ ითვლება ბიოლოგიური ტრანსფორმაციის შედეგად სასაქონლო კოდის შეცვლა, აგრეთვე ბიოლოგიური აქტივიდან ნაყოფის მიღება (პროდუქციის მოცილება ან ბიოლოგიური აქტივის სიცოცხლის პროცესის შეწყვეტა). საგარეო-ეკონომიკური საქმიანობის ეროვნული სასაქონლო ნომენკლატურის ჯგუფი 03 განსაზღვრავს თევზის (სეს ესნ) სასაქონლო კოდებს.0301-ით განსაზღვრულია ცოცხალი თევზის პოზიციები, 0302 - ით განსაზღვრულია თევზი ახალი ან გაციებულის პოზიციები, 0303-ით განსაზღვრულია თევზი გაყინულის პოზიციები. საწარმო ბიოლოგიური ტრანსფორმაციის შედეგად იღებს სარეალიზაციო საქონელს - ცოცხელ თევზს (0301), საწარმო ახდენს აღნიშნული თევზის რეალიზაციას ნაწილობრივ, თევზის ნაწილის შენახვა ხდება გაყინული სახით, რომელიც განსაზღვრულია 0303 სასაქონლო კოდების ჩამონათვალში. 0301-დან 0303-ით სასაქონლო კოდის ცვლილება წარმოადგენს სოფლის მეურნეობის პროდუქციის სასაქონლო კოდის შეცვლას, აღნიშნული კოდით რეალიზებული საქონელი არ გაითვალისწინება სსკ-ის 168-ე მუხლის მე-4 ნაწილის ""ფ"" პუნქტში.  შემოწმების შედეგად სსკ-ის 161-ე მუხლზე დაყრდნობით დასაბეგრ ბრუნვაში დამატებით გათვალისწინებული იქნა გაყინული თევზის (გამოშიგნული, გამოუშიგნავი) რეალიზაცია. შედეგად გაიზარდა დღგის 18%ით დასაბეგრი ბრუნვა, რაც გამოიწვევს დამატებით დღგ-ის დარიცხვას და დეკლარაციაში გადასახადის შემცირებისთვის საწარმო დაჯარიმდება სსკ-ის 275-ე მუხლით.საჩივარში წარმოდგენილ სადავო საკითხთან დაკავშირებით შემოსავლების სამსახურის დავების განხილვის საბჭო მიუთითებს საქართველოს საგადასახადო კოდექსის (შემდგომში - საგადასახადო კოდექსი) 168-ე მუხლის მე-4 ნაწილის „ფ“ ქვეპუნქტზე, რომლის თანახმად, ჩათვლის უფლებით დღგ-ისგან გათავისუფლებულია საქართველოში წარმოებული სოფლის მეურნეობის პროდუქციის (გარდა საგარეო-ეკონომიკური საქმიანობის ეროვნული სასაქონლო ნომენკლატურის 040700 190 00 და 0407 00 300 00 კოდებში მითითებული საქონლისა (კვერცხისა) და 0207 11 სუბპოზიციაში მითითებული საქონლისა (შინაური ქათამი აუქნელი, ახალი ან გაციებული)) მიწოდება მის სამრეწველო გადამუშავებამდე (სასაქონლო კოდის შეცვლამდე).საგადასახადო კოდექსის მე-8 მუხლის 61 ნაწილის შესაბამისად, სასოფლო-სამეურნეო საქმიანობა არის ბუღალტრული აღრიცხვის საერთაშორისო სტანდარტი 41-ით გათვალისწინებული საქმიანობა.ბუღალტრული აღრიცხვის საერთაშორისო სტანდარტი (ბასს) 41-ის მიხედვით, სასოფლო- სამეურნეო საქმიანობა არის საწარმოს მიერ ბიოლოგიური აქტივების ტრანსფორმაციისა და ნაყოფის მიღების მართვა გაყიდვის მიზნით, ან სოფლის მეურნეობის პროდუქციად ან დამატებით ბიოლოგიურ აქტივებად გარდაქმნის მიზნით. ბიოლოგიური აქტივი არის ცხოველი და მცენარე. ამავე სტანდარტის შესაბამისად ნაყოფის მიღება არის ბიოლოგიური აქტივიდან პროდუქციის მოცილება ან ბიოლოგიური აქტივის სიცოცხლის პროცესის შეწყვეტა.საგადასახადო კოდექსის მე-8 მუხლის 62 ნაწილის თანახმად, სოფლის მეურნეობის პროდუქცია−სასოფლო-სამეურნეო საქმიანობიდან მიღებული პროდუქტი. ამასთანავე, სოფლის მეურნეობის პროდუქციის სამრეწველო გადამუშავებად (სასაქონლო კოდის შეცვლად) არ ითვლება ბიოლოგიური ტრანსფორმაციის შედეგად სასაქონლო კოდის შეცვლა, აგრეთვე ბიოლოგიური აქტივიდან ნაყოფის მიღება (პროდუქციის მოცილება ან ბიოლოგიური აქტივის სიცოცხლის პროცესის შეწყვეტა).
ამდენად, ზემოხსენებული სამართლებრივი ნორმებიდან გამომდინარე:გამოშიგნული თევზი წარმოადგენს ბიოლოგიური აქტივის სიცოცხლის პროცესის შეწყვეტის (ნაყოფის მიღება) შედეგად სამრეწველო გადამუშავებამდე (სასაქონლო კოდის შეცვლამდე) მიღებულ პროდუქტს. შესაბამისად, გამოშიგნული თევზის მიწოდება საგადასახადო კოდექსის 168-ე მუხლის მე-4 ნაწილის „ფ“ ქვეპუნქტის მიხედვით, გათავისუფლებულია დღგ-ისგან ჩათვლის უფლებით. რაც შეეხება, გაცივებული/გაყინული თევზის მიწოდებისას საგადასახადო კოდექსის 168-ე მუხლის მე-4 ნაწილის „ფ“ ქვეპუნქტით გათვალისწინებული საგადასახადო შეღავათის გავრცელების საკითხს, აღსანიშნავია, რომ საქართველოს ფინანსთა მინისტრის 2012 წლის 11 ივლისის N241 ბრძანებით დამტკიცებული „საგარეო ეკონომიკური საქმიანობის ეროვნული სასაქონლო ნომენკლატურის (სეს ესნ)“ შესაბამისად, ცოცხალ, გაცივებულ და გაყინულ თევზს მინიჭებული აქვთ შემდეგი სეს ესნ კოდები: სეს ესნ „0301“ კოდით განსაზღვრულია - ცოცხალი თევზი; სეს ესნ „0302“ კოდით  - თევზი ახალი ან გაცივებული, თევზის ფილესა და 0304 სასაქონლო პოზიციის თევზის სხვა ხორცის გამოკლებით; სეს ესნ   „0303“ კოდით - თევზი გაყინული, თევზის ფილეს და 0304 სასაქონლო პოზიციის თევზის ხორცის გამოკლებით.„საგარეო-ეკონომიკური საქმიანობის ეროვნული სასაქონლო ნომენკლატურა“ გაცივებული თევზისა და  ახალი თევზის კლასიფიცირებას ახდენს ერთ სასაქონლო კოდში. გაცივებულ თევზს მინიჭებული აქვს იგივე სასაქონლო კოდი, რაც ახალ თევზს. ხოლო, ახალი თევზი წარმოადგენს ცოცხალი თევზის სიცოცხლის პროცესის შეწყვეტის შედეგად მიღებულ პროდუქტს. ამდენად, გაცივებული თევზი ცოცხალი თევზის მსგავსად წარმოადგენს ბიოლოგიური აქტივის სიცოცხლის პროცესის შეწყვეტის შედეგად მიღებულ პროდუქტს სამრეწველო გადამუშავებამდე და მისი მიწოდებისას გავრცელდება საგადასახადო კოდექსის 168-ე მუხლის მე-4 ნაწილის „ფ“ ქვეპუნქტით დადგენილი შეღავათი. ამასთან, გაყინული თევზის მიწოდებაზე არ გავრცელდება აღნიშნული საგადასახადო შეღავათი, რამდენადაც გაყინული თევზი წარმოადგენს სამრეწველო გადამუშავების (იცვლება სასაქონლო კოდი) შედეგად მიღებულ სოფლის მეურნეობის პროდუქტს.შემოსავლების სამსახურის დავების განხილვის საბჭო მიუთითებს სსკ-ის 275-ე მუხლზე, რომლის თანახმად საგადასახადო დეკლარაციაში/გაანგარიშებაში გადასახადის თანხის შემცირება პირველი და მეორე ნაწილების თანახმად იწვევს ჯარიმის დაკისრებას კერძოდ:1. პირის მიერ საგადასახადო დეკლარაციაში/გაანგარიშებაში გადასახადის თანხის შემცირება, თუ იგი გამოწვეულია საგადასახადო კონტროლის განმახორციელებელი ორგანოს მიერ პირის საგადასახადო ვალდებულების წარმოშობის მომენტის (პერიოდის) შეცვლით, −იწვევს პირის დაჯარიმებას შემცირებული გადასახადის თანხის 10 პროცენტის ოდენობით.2. პირის მიერ საგადასახადო დეკლარაციაში/გაანგარიშებაში გადასახადის თანხის შემცირება, გარდა ამ მუხლის პირველი ნაწილით გათვალისწინებული შემთხვევისა, − იწვევს პირის დაჯარიმებას შემცირებული გადასახადის თანხის 50 პროცენტის ოდენობით.სსკ-ის 269-ე მუხლის 1-ელ ნაწილის თანახმად: „საგადასახადო სამართალდარღვევად ითვლება პირის მართლსაწინააღმდეგო ქმედება (მოქმედება ან უმოქმედობა), რომლისთვისაც ამ კოდექსით გათვალისწინებულია პასუხისმგებლობა. საგადასახადო სამართალდარღვევისათვის პირს პასუხისმგებლობა შეიძლება დაეკისროს მხოლოდ ამ კოდექსით დადგენილი საფუძვლითა და წესით“.ხოლო, ამავე კოდექსის 270-ე მუხლის პირველი ნაწილის თანახმად: „საგადასახადო სანქცია არის პასუხისმგებლობის ზომა ჩადენილი საგადასახადო სამართალდარღვევისათვის“.საქართველოს საგადასახადო კოდექსის 269-ე მუხლის მე-7 ნაწილის თანახმად „საგადასახადო ორგანოს/დავის განმხილველ ორგანოს ან სასამართლოს უფლება აქვს, გაათავისუფლოს კეთილსინდისიერი გადასახადის გადამხდელი ამ კოდექსით გათვალისწინებული სანქციისაგან, თუ სამართალდარღვევა გამოწვეულია გადასახადის გადამხდელის შეცდომით/არცოდნით“.დავების განხილვის საბჭო მიითითებს საქართველოს უზენაესი სასამართლოს 2014 წლის 07 ოქტომბრის Nბს-222-219(კ-14) განჩინებაზე და განმარტავს, რომ გადასახადის გადამხდელის კეთილსინდისიერება უკავშირდება მის მიერ დაშვებულ შეცდომას, გადამხდელი კეთილსინდისიერია იმ შემთხვევაში თუ სამართალდარღვევა გამოწვეულია მის მიერ დაშვებული შეცდომით (არცოდნით). კეთილსინდისიერება გულისხმობს პირის სუბიექტურ დამოკიდებულებას მის მიერ ჩადენილი ქმედებისადმი. პირი მოქმედებს საპატიებელი შეცდომის პირობებში ანუ მან არ იცოდა და არც შეიძლებოდა სცოდნოდა, რომ ჩადიოდა აკრძალულ ქმედებას (სამართალდარღვევას), ხოლო იმ შემთხვევაში თუ პირი მოქმედებდა თვითიმედოვნებით ან დაუდევრობით არ შეიძლება გათავისუფლდეს საგადასახადო პასუხისმგებლობისგან. სსკ-ის 269-ე მუხლის მე-7 ნაწილის მიზანია საგადასახადო პასუხისმგებლობისგან გაათავისუფლოს პირი, რომელიც სამართლებრივი შეცდომის არეალში მოქმედებდა, რადგან სამართლებრივი შეცდომის დროს პირი არასწორად აფასებს ჩადენილი ქმედების სამართლებრივ არსს და ამ ქმედებით გამოწვეულ სამართლებრივ შედეგს.ყოველივე ზემოაღნიშნულის გათვალისწინებით დავების განხილვის საბჭომ მიიჩნია, რომ შემოწმებით დამატებით საგადასახადო ვალდებულებების განსაზღვრა შესაბამისობაშია კანონმდებლობის მოთხოვნებთან, მაგრამ საბჭო აღნიშნავს, რომ დამატებული ღირებულების გადასახადში თევზის რეალიზაციის შედეგად გამოწვეული დარიცხვის ფარგლებში გადასახადის გადამხდელი მოქმედებდა სამართლებრივი შეცდომის არეალში, საგადასახადო სამართალდარღვევა გამოწვეულია გადამხდელის შეცდომით/არცოდნით, შესაბამისად შპს ----- სსკ-ის 269-ე მუხლის მე-7 ნაწილის საფუძველზე უნდა გათავისუფლდეს რეალიზებული გაყინული თევზის შეცდომით დღგ-ით დასაბეგრ ოპერაციად არ განხილვის საფუძველზე, დეკლარაციაში გადასახადის თანხის შემცირებისთვის სსკ-ის 275-ე მუხლის საფუძველზე დარიცხული ჯარიმისაგან.
აღნიშნულიდან გამომდინარე, საქართველოს საგადასახადო კოდექსის 304-ე და 301-ე მუხლების საფუძველზე,
 ვ ბ რ ძ ა ნ ე ბ :
1. შპს ----- ს საჩივარი სადავო საკითხთან დაკავშირებით დაკმაყოფილდეს ნაწილობრივ;2. შპს ----- სსკ-ის 269-ე მუხლის მე-7 ნაწილის საფუძველზე გათავისუფლდეს რეალიზებული გაყინული თევზის შეცდომით დღგ-ით დასაბეგრ ოპერაციად არ განხილვის საფუძველზე დეკლარაციაში გადასახადის შემცირებისთვის სსკ-ის 275-ე მუხლის საფუძველზე დარიცხული ჯარიმისაგან.3. დაევალოს აუდიტის დეპარტამენტს გადასახადის გადამხდელის პირადი აღრიცხვის ბარათზე შესაბამისი კორექტირების განხორციელება;4. დანარჩენ ნაწილში საჩივარი არ დაკმაყოფილდეს;5.ბრძანების გასაჩივრება შესაძლებელია საქართველოს ფინანსთა  სამინისტროსთან არსებულ დავების განხილვის საბჭოში (მის: ქ. თბილისი, ვ. გორგასლის ქ. N16) ან სასამართლოში (მის. ქ. ქუთაისი, კუპრაძის ქ. N11), საქართველოს საგადასახადო კოდექსის XIV კარით დადგენილი წესის შესაბამისად მისი ჩაბარებიდან 20 დღის ვადაში.",,,"დავების განხილვის საბჭო მიითითებს საქართველოს უზენაესი სასამართლოს 2014 წლის 07 ოქტომბრის Nბს-222-219(კ-14) განჩინებაზე და განმარტავს, რომ გადასახადის გადამხდელის კეთილსინდისიერება უკავშირდება მის მიერ დაშვებულ შეცდომას, გადამხდელი კეთილსინდისიერია იმ შემთხვევაში თუ სამართალდარღვევა გამოწვეულია მის მიერ დაშვებული შეცდომით (არცოდნით). კეთილსინდისიერება გულისხმობს პირის სუბიექტურ დამოკიდებულებას მის მიერ ჩადენილი ქმედებისადმი. პირი მოქმედებს საპატიებელი შეცდომის პირობებში ანუ მან არ იცოდა და არც შეიძლებოდა სცოდნოდა, რომ ჩადიოდა აკრძალულ ქმედებას (სამართალდარღვევას), ხოლო იმ შემთხვევაში თუ პირი მოქმედებდა თვითიმედოვნებით ან დაუდევრობით არ შეიძლება გათავისუფლდეს საგადასახადო პასუხისმგებლობისგან. სსკ-ის 269-ე მუხლის მე-7 ნაწილის მიზანია საგადასახადო პასუხისმგებლობისგან გაათავისუფლოს პირი, რომელიც სამართლებრივი შეცდომის არეალში მოქმედებდა, რადგან სამართლებრივი შეცდომის დროს პირი არასწორად აფასებს ჩადენილი ქმედების სამართლებრივ არსს და ამ ქმედებით გამოწვეულ სამართლებრივ შედეგს.",,,,,,,,,,,,,,,,,,,,,,,,,,,,,,,
ბრძანება N 28602,მიღების თარიღი: 23 სექტემბერი 2020,დოკუმენტის #: 28602,დოკუმენტის ტიპი: შემოსავლების სამსახურის დავების გადაწყვეტილება,კატეგორია: საგადასახადო/საბაჟო დავა,https://infohub.rs.ge/ka/workspace/document/9b2e2cc9-ebfc-4834-aa42-d2287b5ab8e2,12 დეკემბერი 2022,"ბრძანება N 2860223/09/2020

ი/მ ------------(მის: -------- )2020 წლის 27 აგვისტოს საჩივრის დაკმაყოფილების თაობაზე

შემოსავლების სამსახურმა დავების განხილვის საბჭოს 2020 წლის 16 სექტემბრის სხდომაზე (ოქმი №68) განიხილა ი/მ ------ ს № 174280/21-11 საჩივარი, რომლითაც გადამხდელი ითხოვს საბანკო ანგარიშებზე კორექტირებული საინკასო დავალებების წარდგენის შესახებ ანალიტიკური დეპარტამენტის 2020 წლის 24 ივლისის №011 -2020-121274 ბრძანებით ჩამოწერილი თანხის დაბრუნებას. გადასახადის გადამხდელის პოზიცია:გადამხდელი საჩივარში განმარტავს, რომ სახელმწიფომ ჩაურიცხა დახმარება 300 ლარის ოდენობით, რომელიც ჩამოეწერა საინკასო დავალებით. ითხოვს ჩამოწერილი თანხის დაბრუნებას. ფაქტობრივი გარემოებები:შემოსავლების სამსახურის გადასახადების ადმინისტრირების საინფორმაციო სისტემის მონაცემებით ი/მ ----------- ს 2016 წლის 01 იანვრის მდგომარეობით ერიცხებოდა აღიარებული საგადასახადო დავალიანება 2024.91 ლარის ოდენობით. აღნიშნულიდან გამომდინარე, საქართველოს საგადასახადო კოდექსის 243-ე მუხლის პირველი ნაწილის შესაბამისად, 2016 წლის 02 იანვარს გამოიცა №0 11-2016-000001 ბრძანება ი/მ ----------- ს საბანკო ანგარიშებზე საინკასო დავალებების წარდგენის შესახებ. აღნიშნული პერიოდიდან დღემდე, საგადასახადო კოდექსის 243-ე მუხლის მე-4 ნაწილის საფუძველზე, საგადასახადო დავალიანების შეცვლის გამო რამდენჯერმე დაკორექტირდა გადამხდელის საბანკო ანგარიშებზე წარდგენილი საინკასო დავალებები. მათ შორის, 2020 წლის 24 ივლისის №011-2020-121274 ბრძანებით დაკორექტირდა ი/მ ----------- ს საბანკო ანგარიშებზე წარდგენილი კორექტირებული საინკასო დავალებები, რომლის საფუძველზე 2020 წლის 27 აგვისტოს სს ------------ ბანკიდან ბიუჯეტში გადმოირიცხა 300 ლარი.ამასთან, საქართველოს ოკუპირებული ტერიტორიებიდან დევნილთა, შრომის, ჯანმრთელობისა და სოციალური დაცვის სამინისტროს მიერ მოწოდებული სიების საფუძველზე გამოიცა შემოსავლების სამსახურის უფროსის 2020 წლის 25 მაისის №13722 ბრძანება, რომლითაც დაევალა სს ----- ბანკს ი/მ ------ ს საბანკო ანგარიშებზე წარდგენილი საინკასო დავალებები გაავრცელოს მის საბანკო ანგარიშზე/ანგარიშებზე არსებული თანხიდან თვეში მხოლოდ 300 ლარის ოდენობის ზემოთ არსებულ ფულად სახსრებზე.
შემოსავლების სამსახურმა განიხილა აღნიშნული საჩივარი და მიიჩნია, რომ საჩივარი უნდა დაკმაყოფილდეს შემდეგ გარემოებათა გამო:საქართველოს საგადასახადო კოდექსის 302-ე მუხლის მე-6 ნაწილის თანახმად, შემოსავლების სამსახურს უფლება აქვს, მომჩივნის დაუსწრებლად განიხილოს საჩივარი, თუ საქმეში არსებული მასალებიდან სრულად დგინდება დავის საგანთან დაკავშირებული ფაქტობრივი გარემოებები.საქართველოს საგადასახადო კოდექსის 238-ე მუხლის პირველი ნაწილის „ე“ ქვეპუნქტის თანახმად, საგადასახადო ორგანოს უფლება აქვს, საგადასახადო დავალიანების გადახდევინების უზრუნველსაყოფად განახორციელოს გადასახადის გადამხდელის საბანკო ანგარიშებზე საინკასო დავალების წარდგენა.საქართველოს საგადასახადო კოდექსის 243-ე მუხლის პირველი ნაწილის თანახმად, ამ კოდექსით გათვალისწინებულ შემთხვევებში საგადასახადო ორგანოს უფლება აქვს, აღიარებული საგადასახადო დავალიანების ფარგლებში პირის საბანკო ანგარიშებიდან (გარდა საანაბრო (ვადიანი) ანგარიშისა) საინკასო დავალებით ჩამოწეროს გადასახადის, საურავისა და ჯარიმის თანხები და ჩარიცხოს ისინი შესაბამის ბიუჯეტში.საქართველოს ფინანსთა მინისტრის 2010 წლის 31 დეკემბრის №994 ბრძანებით დამტკიცებული „მიმდინარე კონტროლის პროცედურების ჩატარების, სასაქონლო-მატერიალური ფასეულობათა ჩამოწერის, აღიარებული საგადასახადო დავალიანების დაფარვის, საგადასახადო დავალიანების გადახდევინების უზრუნველყოფის ღონისძიებების განხორციელების, სამართალდარღვევათა საქმისწარმოების წესის“ 57-ე მუხლის 21 პუნქტის „ბ“ ქვეპუნქტის თანახმად, შემოსავლების სამსახურის უფროსი უფლებამოსილია მიიღოს გადაწყვეტილება ფიზიკური პირის მოთხოვნის შემთხვევაში, საინკასო დავალება გავრცელდეს, მის საბანკო ანგარიშზე/ანგარიშებზე არსებული თანხიდან, თვეში მხოლოდ 300 ლარის ოდენობის ზემოთ არსებულ ფულად სახსრებზე.შემოსავლების სამსახური ყურადღებას ამახვილებს იმ გარემოებაზე, რომ პანდემიის გამო შემოსავლების დაკარგვით გამოწვეული პრობლემების დაძლევისა და კრიზისის შედეგად მიყენებული ზიანის შემსუბუქების მიზნით გაცემული კომპენსაციების მიღების მიზნით, საქართველოს ჯანდაცვის სამინისტროდან მიღებული სიების საფუძველზე გამოიცა შემოსავლების სამსახურის უფროსის 2020 წლის 25 მაისის №13722 ბრძანება, რომლის მიხედვით დაევალა სს ----- ბანკს შემოსავლების სამსახურის მიერ ამ ბრძანების დანართ №1-ში მითითებული პირების (მათ შორის, ი/მ ----------- ს) საბანკო ანგარიშებზე წარდგენილი საინკასო დავალებები გაავრცელოს მათ საბანკო ანგარიშზე/ანგარიშებზე არსებული თანხიდან, თვეში მხოლოდ 300 ლარის ოდენობის ზემოთ არსებულ ფულად სახსრებზე.შემოსავლების სამსახური მიუთითებს, რომ ვინაიდან საქართველოს ჯანდაცვის სამინისტროდან მიღებულ სიებში დაფიქსირებული იყო ი/მ ----------- ს მონაცემები, აღნიშნული უნდა ჩაითვალოს საქართველოს ფინანსთა მინისტრის 2010 წლის 31 დეკემბრის №994 ბრძანებით დამტკიცებული „მიმდინარე კონტროლის პროცედურების ჩატარების, სასაქონლო- მატერიალური ფასეულობათა ჩამოწერის, აღიარებული საგადასახადო დავალიანების დაფარვის, საგადასახადო დავალიანების გადახდევინების უზრუნველყოფის ღონისძიებების განხორციელების, სამართალდარღვევათა საქმისწარმოების წესის“ 57-ე მუხლის 21  პუნქტის „ბ“ ქვეპუნქტის თანახმად, გადასახადის გადამხდელის მოთხოვნად.ზემოაღნიშნულის გათვალისწინებით, შემოსავლების სამსახურმა მიიჩნია, რომ კორექტირებული საინკასო დავალებების წარდგენის შესახებ ანალიტიკური დეპარტამენტის 2020 წლის 24 ივლისის №011-2020-121274 ბრძანების  საფუძველზე  ი/მ ----------- ს საბანკო ანგარიშებიდან თანხის ჩამოწერა არამართლზომიერია და უნდა დაევალოს აუდიტის დეპარტამენტს, უზრუნველყოს გადამხდელისათვის საინკასო დავალებით არამართლზომიერად ჩამოწერილი თანხის დაბრუნება. საქართველოს საგადასახადო კოდექსის 304-ე მუხლის საფუძველზე,
ვ ბ რ ძ ა ნ ე ბ :  1. ი/მ ----------- ს  საჩივარი დაკმაყოფილდეს;2. საინკასო დავალებების წარდგენის შესახებ ანალიტიკური დეპარტამენტის 2020 წლის 24 ივლისის №011-2020-121274 ბრძანების საფუძველზე ი/მ ----ს საბანკო ანგარიშებიდან თანხის ჩამოწერა ჩაითვალოს არამართლზომიერად და დაევალოს აუდიტის დეპარტამენტს, უზრუნველყოს გადამხდელისათვის საინკასო დავალებით არამართლზომიერად ჩამოწერილი თანხის დაბრუნება;3. გადაწყვეტილება  შეიძლება  გასაჩივრდეს  საქართველოს  ფინანსთა  სამინისტროსთან  არსებულ დავების განხილვის საბჭოში (მის: ქ. თბილისი, ვახტანგ გორგასლის ქ. №16) ან სასამართლოში (მის. ქ. ქუთაისი, ვიქტორ კუპრაძის №11), საქართველოს საგადასახადო კოდექსის XIV კარით დადგენილი წესით, ამ გადაწყვეტილების ჩაბარებიდან 20 დღის ვადაში.","საქართველოს საგადასახადო კოდექსის 304-ე მუხლის საფუძველზე,",,,,,,,,,,,,,,,,,,,,,,,,,,,,,,,,,
ბრძანება N 28876,მიღების თარიღი: 25 სექტემბერი 2020,დოკუმენტის #: 28876,დოკუმენტის ტიპი: შემოსავლების სამსახურის დავების გადაწყვეტილება,კატეგორია: საგადასახადო/საბაჟო დავა,https://infohub.rs.ge/ka/workspace/document/b44328bd-56cd-4999-9d3c-a0a01b2c1e73,12 დეკემბერი 2022,"","ამავე კოდექსის 29-ე მუხლის პირველი ნაწილით, საბაჟო კონტროლის ზონა არის სპეციალურად გამოყოფილი ადგილი, სადაც საქონლის ან/და სატრანსპორტო საშუალების და პირის მიმართ ხორციელდება საბაჟო კონტროლის ღონისძიებები. ამავე მუხლის მე-2 ნაწილით კი საბაჟო საწყობი არის საბაჟო კონტროლის ზონა.",,"საქართველოს საბაჟო კოდექსის 163-ე მუხლის პირველი ნაწილის შესაბამისად, საბაჟო სამართალდარღვევა არის პირის მართლსაწინააღმდეგო ქმედება (მოქმედება ან უმოქმედობა), რომლის ჩადენისთვისაც ამ კოდექსით გათვალისწინებულია პასუხისმგებლობა.",,,,,,,,,,,,,,,,,,,,,,,,,,,,,,,
ბრძანება N 28994,მიღების თარიღი: 16 სექტემბერი 2021,დოკუმენტის #: 28994,დოკუმენტის ტიპი: შემოსავლების სამსახურის დავების გადაწყვეტილება,კატეგორია: საგადასახადო/საბაჟო დავა,https://infohub.rs.ge/ka/workspace/document/0713937c-683a-40ab-84c7-f6f093b872dd,12 დეკემბერი 2022,"ბრძანება N 2899416/09/2021

ფ/პ ---------------(მის.: -----------)2021 წლის 9 აგვისტოს საჩივრის დაკმაყოფილების თაობაზე

შემოსავლების სამსახურმა განიხილა ფ/პ --------- №168057/21-11 საჩივარი, რომლითაც გადამხდელი არ ეთანხმება მომსახურების დეპარტამენტის 2021 წლის 5 აგვისტოს № 21-11/99292 გადაწყვეტილებას და გადასახადის გადამხდელის პირადი აღრიცხვის ბარათზე ფიქსირებულ გადასახადში დარიცხულ თანხებს. აღნიშნული საკითხი განხილულ იქნა შემოსავლების სამსახურის დავების განხილვის საბჭოს 2021 წლის 9 სექტემბრის სხდომაზე (ოქმი №82).
გადასახადის გადამხდელის პოზიცია:გადასახადის გადამხდელი საჩივარში განმარტავს, რომ მინიჭებული ჰქონდა ფიქსირებული გადასახადის გადამხდელის სტატუსი. საქმიანობდა მხოლოდ ერთი თვე და შემდეგ გააუქმა რეგისტრაცია საქართველოს იუსტიციის სამინისტროს საჯარო რეეესტრის ეროვნულ სააგენტოში. მისთვის არავის უთქვამს, რომ შემოსავლების სამსახურშიც უნდა დაეწერა განცხადება სტატუსის გაუქმების თაობაზე. ითხოვს ფიქსირებულ გადასახადში დარიცხული გადასახადის გაუქმებას.
ფაქტების აღწერა:მომსახურების დეპარტამენტის მიერ წარმოდგენილი ინფორმაციით დგინდება, რომ ფ/პ ---------- მინიჭებული ჰქონდა ფიქსირებული გადასახადის გადამხდელის სტატუსი 2019 წლის მაისის თვიდან. გადასახადის გადამხდელმა ფიქსირებული გადასახადით დასაბეგრი საქმიანობის გაუქმების თაობაზე განცხადებით მიმართა საგადასახადო ორგანოს 2021 წლის 9 აგვისტოს. შესაბამისად, 2019 წლის მაისიდან 2021 წლის აგვისტოს თვის ჩათვლით გადასახადის გადამხდელს დაერიცხა ფიქსირებული გადასახადის გადამხდელის სტატუსით გათვალისწინებული გადასახადი 30-30 ლარის ოდენობით.გადამხდელმა 2021 წლის 2 აგვისტოს N162308/21-11 წერილით მოითხოვა დარიცხული გადასახადის შემცირება, რაზეც უარი ეცნობა შემოსავლების სამსახურის მომსახურების დეპარტამენტის 2021 წლის 5 აგვისტოს №21-11/99292 გადაწყვეტილებით.შემოსავლების სამსახურის გადასახადების ადმინისტრირების საინფორმაციო სისტემის მონაცემების მიხედვით, ფ/პ ------- 2021 წლის 9 სექტემბრის მდგომარეობით ერიცხება საგადასახადო დავალიანება: გადასახადი 753 ლარი, საურავი 165.80 ლარი.შემოსავლების სამსახურის გადასახადების ადმინისტრირების საინფორმაციო სისტემის მონაცემების მიხედვით, ფ/პ ------- ინდივიდუალური მეწარმის რეგისტრაცია გაუქმებული აქვს 2019 წლის 20 მაისიდან.
შემოსავლების სამსახურმა განიხილა წარმოდგენილი საჩივარი და მიიჩნია, რომ გადამხდელის მოთხოვნა უნდა დაკმაყოფილდეს შემდეგ გარემოებათა გამო:საქართველოს საგადასახადო კოდექსის 302-ე მუხლის მე-6 ნაწილის თანახმად, დავის განმხილველ ორგანოებს უფლება აქვთ, საჩივარი განიხილონ დისტანციურად, ტექნიკურ საშუალებათა გამოყენებით. მათ ასევე უფლება აქვთ, საჩივარი განიხილონ მომჩივნის დაუსწრებლად, თუ საქმეში არსებული მასალებიდან სრულად დგინდება დავის საგანთან დაკავშირებული ფაქტობრივი გარემოებები.შემოსავლების სამსახური მიუთითებს საქართველოს საგადასახადო კოდექსის 951 მუხლზე, რომლის მიხედვით, ფიქსირებული გადასახადის გადამხდელი შეიძლება იყოს პირი, რომელიც არ არის დამატებული ღირებულების გადასახადის გადამხდელი და ახორციელებს ფიქსირებული გადასახადით დასაბეგრ ერთ ან ერთზე მეტ საქმიანობას.საქართველოს საგადასახადო კოდექსის 956 მუხლის პირველი ნაწილის თანახმად, ფიქსირებული გადასახადის გადამხდელის სტატუსი უქმდება, თუ:ა) პირი წყვეტს ფიქსირებული გადასახადით დასაბეგრ საქმიანობას;ბ) პირი საგადასახადო ორგანოს მიმართავს ფიქსირებული გადასახადის გადამხდელის სტატუსის გაუქმების მოთხოვნით.„სპეციალური დაბეგვრის რეჟიმების გამოყენების შესახებ“ საქართველოს ფინანსთა მინისტრის 2010 წლის 31 დეკემბრის N999 ბრძანებით დამტკიცებული ინსტრუქციის დანართი N4-ის მე-7 მუხლის პირველი ნაწილის შესაბამისად, ფიქსირებული გადასახადის გადამხდელი უფლებამოსილია ფიქსირებული გადასახადის გადამხდელის სტატუსის გაუქმების შემთხვევაში განცხადებით მიმართოს საგადასახადო ორგანოს.ზემოაღნიშნული სამართლებრივი ნორმებისა და იმ გარემოების გათვალისწინებით, რომ ფ/პ ------- მიერ 2019 წლის 17 მაისს საქართველოს იუსტიციის სამინისტროს საჯარო რეესტრის ეროვნულ სააგენტოში წარდგენილია განცხადება ინდივიდუალური მეწარმის რეგისტრაციის გაუქმების შესახებ, შემოსავლების სამსახურმა მიიჩნია, რომ უნდა გაუქმდეს გადასახადის გადამხდელის პირადი აღრიცხვის ბარათზე ზემოაღნიშნული განცხადების წარდგენის შემდგომ 2021 წლის აგვისტოს თვის ჩათვლით (ფიქსირებული გადასახადის გადამხდელის სტატუსის გაუქმების შესახებ 2021 წლის 9 აგვისტოს განაცხადის წარდგენამდე) დარიცხული ფიქსირებული გადასახადის გადამხდელის სტატუსით გათვალისწინებული გადასახადი. საქართველოს საგადასახადო კოდექსის 304-ე მუხლის საფუძველზე, ვ ბ რ ძ ა ნ ე ბ : 1. ფ/პ ------- ს საჩივარი დაკმაყოფილდეს;2. გაუქმდეს გადასახადის გადამხდელის პირადი აღრიცხვის ბარათზე 2019 წლის 17 მაისის შემდგომ (ინდივიდუალური მეწარმის რეგისტრაციის გაუქმების შესახებ განცხადების წარდგენიდან) 2021 წლის აგვისტოს ჩათვლით (ფიქსირებული გადასახადის გადამხდელის სტატუსის გაუქმების შესახებ 2021 წლის 9 აგვისტოს განაცხადის წარდგენამდე) დარიცხული ფიქსირებული გადასახადის გადამხდელის სტატუსით გათვალისწინებული გადასახადი;3. დაევალოს მომსახურების დეპარტამენტს, განახორციელოს შესაბამისი კორექტირება გადასახადის გადამხდელის პირადი აღრიცხვის ბარათზე;4. აღნიშნული გადაწყვეტილება შეიძლება გასაჩივრდეს საქართველოს ფინანსთა სამინისტროსთან არსებულ დავების განხილვის საბჭოში (მის.: ქ. თბილისი, ვახტანგ გორგასლის ქ. №16) ან ქუთაისის საქალაქო სასამართლოში (მის.: ქ. ქუთაისი, ვიქტორ კუპრაძის  №11), საქართველოს საგადასახადო კოდექსის XIV კარით დადგენილი წესის შესაბამისად, ამ გადაწყვეტილების ჩაბარებიდან 20 კალენდარული დღის ვადაში.","ზემოაღნიშნული სამართლებრივი ნორმებისა და იმ გარემოების გათვალისწინებით, რომ ფ/პ ------- მიერ 2019 წლის 17 მაისს საქართველოს იუსტიციის სამინისტროს საჯარო რეესტრის ეროვნულ სააგენტოში წარდგენილია განცხადება ინდივიდუალური მეწარმის რეგისტრაციის გაუქმების შესახებ, შემოსავლების სამსახურმა მიიჩნია, რომ უნდა გაუქმდეს გადასახადის გადამხდელის პირადი აღრიცხვის ბარათზე ზემოაღნიშნული განცხადების წარდგენის შემდგომ 2021 წლის აგვისტოს თვის ჩათვლით (ფიქსირებული გადასახადის გადამხდელის სტატუსის გაუქმების შესახებ 2021 წლის 9 აგვისტოს განაცხადის წარდგენამდე) დარიცხული ფიქსირებული გადასახადის გადამხდელის სტატუსით გათვალისწინებული გადასახადი.",,,,,,,,,,,,,,,,,,,,,,,,,,,,,,,,,
ბრძანება N 29742,მიღების თარიღი: 01 ოქტომბერი 2020,დოკუმენტის #: 29742,დოკუმენტის ტიპი: შემოსავლების სამსახურის დავების გადაწყვეტილება,კატეგორია: საგადასახადო/საბაჟო დავა,https://infohub.rs.ge/ka/workspace/document/c7204b2c-6879-4caa-85eb-ec357ccea2f8,12 დეკემბერი 2022,"ბრძანება N 2974201/10/2020

შპს --------------(მის.: ქ. ------- )2020 წლის 12 აგვისტოს საჩივრის დაკმაყოფილებაზე უარის თქმის თაობაზე

შემოსავლების სამსახურმა 2020 წლის 17 სექტემბერს დავების განხილვის საბჭოს სხდომაზე (ოქმი №6 9) განიხილა შპს ----- ს 2020 წლის 12 აგვისტოს №160571/21 საჩივარი, რომლითაც გადასახადის გადამხდელი არ ეთანხმება შემოსავლების სამსახურის აუდიტის დეპარტამენტის 2020 წლის 24 ივლისის N 006-342 სგადასახადო მოთხოვნას.
სადავო საკითხი:მომჩივანი არ ეთანხმება არარეზიდნეტი პირების მიერ გაწული მომსახურების ღირებულების გადახდის წყაროსთან დაკავებას. აღნიშნავს, რომ გადახდილი აქვს მომსახურების საფასური არარეზიდენტ კომპანიებზე, რომლებიც ეწევიან ხელოვანი მუშაკების (მუსიკოსების) მოძიებას და ის მუსიკოსები ემსახურებიან  შპს ----- ს მომჩივანის განმარტებით,  გადახდის წყაროსთან გადასახადის დაკავება არ განხორციელდა, ვინაიდან ამ ქვეყნებთან არსებობს ორმაგი დაბეგვრის თავიდან აცილებისა და გადასახადების გადაუხდელობის აღკვეთის შესახებ შეთანხმებები. მიუთითებს, რომ შემოწმებისათვის წარდგენილია მომსახურების გამწევი პირების რეზიდენტობის ცნობები და მომსახურების გამწევმა კომპანიებმა თავიანთ ქვეყნებში გადაიხადეს გადასახადი.
ფაქტობრივი გარემოებები:საქმეზე არსებული მასალებით დგინდება , რომ აუდიტის დეპარტამენტის  2019  წლის 09 ივლისის № 22946 ბრძანების საფუძველზე ჩატარდა შპს ----- ს კამერალური საგადასახადო შემოწმება. შესამოწმებელი პერიოდი განისაზღვრა 2017 წლის 01 იანვრიდან 2019 წლის 01 ივლისამდე. შემოწმების შედეგებზე 2020 წლის 13 ივლისს შედგა საგადასახადო შემოწმების აქტი. შემოწმების აქტის საფუძველზე 2020 წლის 23 ივლისს გამოიცა აუდიტის დეპარტამენტის № 20843 ბრძანება და 24 ივლისის № 006-342 საგადასახადო მოთხოვნა, რომლითაც გადამხდელს ბიუჯეტში დამატებით გადასახდელად განესაზღვრა სულ 132 911 ლარი, მათ შორის, გადასახადი 67 550 ლარი, ჯარიმა 38 608 ლარი და საურავი 26 753 ლარი.
საგადასახადო შემოწმების აქტის მიხედვით დარიცხვა გამოწვეულია შემდეგი გარემოებით:გადასახადის გადამხდელის მიერ წარმოდგენილი საბუღალტრო პროგრამის ამონაწერების და საბანკო ანგარიშების შესწავლის შედეგად დგინდება, რომ 2017-2018-2019 წლების განმავლობაში საწარმო ახორციელებდა არარეზიდენტი პირების მიერ საქართველოს ტერიტორიაზე გაწეული მომსახურების ღირებულების ანაზღაურებას. საწარმოს საქართველოს საგადასახადო კოდექსის 134-ე მუხლის პირველი ნაწილის „ე“ ქვეპუნქტის გათვალისწინებული გადასახადის გარდა, დაერიცხა ჯარიმა საქართველოს საგადასახადო კოდექსის 275-ე მუხლის შესაბამისად.
შემოსავლების სამსახურმა განიხილა წარმოდგენილი საჩივარი და მიიჩნია, რომ საჩივარი არ უნდა დაკმაყოფილდეს შემდეგ გარემოებათა გამო:შემოსავლების სამსახური მიუთითებს საქართველოს საგადასახადო კოდექსის 302-ე მუხლის მე-6 ნაწილზე, რომლის თანახმად, შემოსავლების სამსახურს უფლება აქვს, მომჩივნის დაუსწრებლად განიხილოს საჩივარი, თუ საქმეში არსებული მასალებიდან სრულად დგინდება დავის საგანთან დაკავშირებული ფაქტობრივი გარემოებები.საქართველოს საგადასახადო კოდექსის მე-2 მუხლის მე-7 ნაწილის თანახმად, გადასახადით დაბეგვრასთან დაკავშირებულ საკითხზე საქართველოს პარლამენტის მიერ რატიფიცირებულ და ძალაში შესულ საერთაშორისო ხელშეკრულებას აქვს უპირატესი იურიდიული ძალა ამ კოდექსის მიმართ.დადგენილია, რომ საწარმოს შესამოწმებელ პერიოდში მომსახურებას უწევდნენ სხვადასხვა ქვეყნის რეზიდენტები, მ.შ. გერმანიის, ჰოლანდიის, ინგლისის და სხვა.საქართველოს საგადასახადო კოდექსის 43-ე მუხლის პირველი ნაწილის „ა“ ქვეპუნქტის თანახმად, გადასახადის გადამხდელი ვალდებულია შეასრულოს საგადასახადო ვალდებულებები საქართველოს საგადასახადო კანონმდებლობით დადგენილი წესითა და პირობებით.საქართველოს საგადასახადო კოდექსის მე-80 მუხლის მე-3 ნაწილის თანახმად, არარეზიდენტი ფიზიკური პირის ერთობლივი შემოსავალი, რომელიც დაკავშირებული არ არის საქართველოში მის მუდმივ დაწესებულებასთან, იბეგრება ამ კოდექსის 134-ე მუხლის შესაბამისად, გადახდის წყაროსთან გამოქვითვების გარეშე, გარდა ამ მუხლის მე-4 ნაწილით გათვალისწინებული შემთხვევისა.საქართველოს საგადასახადო კოდექსის 104-ე მუხლის „გ“ ქვეპუნქტის მიხედვით, საქართველოში არსებული წყაროდან მიღებულ შემოსავალს განეკუთვნება საქართველოში მომსახურების გაწევით მიღებული შემოსავალი.საქართველოს საგადასახადო კოდექსის 134-ე მუხლის პირველი ნაწილის „ე“ ქვეპუნქტის თანახმად, არარეზიდენტის მიერ საქართველოში არსებული წყაროდან მიღებული შემოსავალი, რომელიც არ მიეკუთვნება საქართველოში საგადასახადო აღრიცხვაზე მყოფ არარეზიდენტის მუდმივ დაწესებულებას საქართველოში, იბეგრება გადახდის წყაროსთან გამოქვითვების გარეშე, კერძოდ, გადახდილი სხვა თანხები, რომლებიც ამ კოდექსით ითვლება საქართველოში არსებული წყაროდან მიღებულ შემოსავლად, – 10 პროცენტით.საქართველოს საგადასახადო კოდექსის 154-ე მუხლის პირველი ნაწილის „გ“ ქვეპუნქტის თანახმად, გადახდის წყაროსთან გადასახადის დაკავება ევალება საგადასახადო აგენტს, რომელიც არის იურიდიული პირი, საწარმო/ორგანიზაცია ან მეწარმე ფიზიკური პირი, რომელიც იხდის ამ კოდექსის 134-ე მუხლის პირველი ნაწილით განსაზღვრულ გადასახდელებს.გადასახადის გადამხდელმა შუალედური აქტის გასაჩივრების შედეგად მიღებული გადაწყვეტილების შესაბამისად, აუდიტის დეპარტამენტს წარუდგინა მომსახურების გამწევი პირების რეზიდენტობის ცნობები. შემოწმების მიერ შესწავლილ იქნა ორმაგი დაბეგვრის თავიდან აცილების შესახებ შეთანხმებები შესაბამის ქვეყნებთან და არარეზიდენტთა საქმიანობის სფეროს გათვალისწინებით მათი საქართველოში არსებული წყაროდან მიღებული შემოსავლები ექვემდებარება საქართველოში  დაბეგვრას. სხვა მტკიცებულებები გადასახადის გადამხდელს განსახილველ საჩივართან დაკავშირებით არ წარმოუდგენია.ზემოაღნიშნულის გათვალისწინებით, შემოსავლების სამსახურმა მიიჩნია, რომ განსახილველ შემთხვევაში შემოწმებით განხორციელებული დარიცხვა შესაბამისობაშია კანონმდებლობის მოთხოვნებთან, გადასახადის გადამხდელის მიერ წარმოდგენილი საჩივარი დაუსაბუთებელია და არ უნდა დაკმაყოფილდეს. საქართველოს საგადასახადო კოდექსის 304-ე მუხლის საფუძველზე, ვ ბ რ ძ ა ნ ე ბ : 1. შპს ----- ს საჩივარი არ დაკმაყოფილდეს;2. ბრძანების გასაჩივრება შესაძლებელია საქართველოს ფინანსთა სამინისტროსთან არსებულ დავების განხილვის საბჭოში (მის: ქ. თბილისი, ვახტანგ გორგასლის ქ. №16) ან თბილისის საქალაქო სასამართლოში (მის: ქ. თბილისი, დავით აღმაშენებლის ხეივანი №64), საქართველოს საგადასახადო კოდექსის XIV კარით დადგენილი წესის შესაბამისად მისი ჩაბარებიდან 20 დღის ვადაში.","საქართველოს საგადასახადო კოდექსის 134-ე მუხლის პირველი ნაწილის „ე“ ქვეპუნქტის თანახმად, არარეზიდენტის მიერ საქართველოში არსებული წყაროდან მიღებული შემოსავალი, რომელიც არ მიეკუთვნება საქართველოში საგადასახადო აღრიცხვაზე მყოფ არარეზიდენტის მუდმივ დაწესებულებას საქართველოში, იბეგრება გადახდის წყაროსთან გამოქვითვების გარეშე, კერძოდ, გადახდილი სხვა თანხები, რომლებიც ამ კოდექსით ითვლება საქართველოში არსებული წყაროდან მიღებულ შემოსავლად, – 10 პროცენტით.",,,,,,,,,,,,,,,,,,,,,,,,,,,,,,,,,
ბრძანება N 8802,მიღების თარიღი: 17 აპრილი 2018,დოკუმენტის #: 8802,დოკუმენტის ტიპი: შემოსავლების სამსახურის დავების გადაწყვეტილება,კატეგორია: საგადასახადო/საბაჟო დავა,https://infohub.rs.ge/ka/workspace/document/4a39bdfb-d40a-4e5d-9527-b2ab4034fd47,13 დეკემბერი 2022,"N 880217/04/2018


შპს -----(მის: ქ. -------)სადავო საკითხთან დაკავშირებით საჩივრის ნაწილობრივ დაკმაყოფილების შესახებ

შემოსავლების სამსახურის დავების განხილვის საბჭომ 2018 წლის 29 მარტს გამართულ სხდომაზე (ოქმი N29) განიხილა შპს ----- საჩივარი, რომლითაც გადამხდელი ითხოვს შემოსავლების სამსახურის 2017 წლის 29 დეკემბრის N094-431 „საგადასახადო მოთხოვნის“ გაუქმებას.
გადამხდელი არ ეთანხმება მივლინების ხარჯების გაუქმებას.
საგადასახადო შემოწმების აქტის თანახმად დარიცხვა განპირობებულია შემდეგი გარემოებით: შესამოწმებელ პერიოდში საზოგადოების საქმიანობის არეალი მოიცავს ------ის, -------სა და -------ის ადმინისტრაციულ ერთეულებს სადაც მიმაგრებული ჰყავს თანამშრომლები. საზოგადოება ცალკეულ შემთხვევებში იმ თანამშრომლებზე გაწეულ ხარჯებს რომლებიც მუდმივად მიმაგრებული არიან -------ის სამთო გამამდიდრებელ ფაბრიკაში აკვალიფიცირებს არა სახელფასო განაცემად არამედ სამივლინებო ხარჯად და არ ბეგრავს საშემოსავლო გადასახადით. სსკ-ის 101-ე მუხლის პირველი ნაწილის თანახმად კი ხელფასის სახით მიღებულ შემოსავლებს განეკუთვნება დაქირავებული მუშაობით მიღებული ნებისმიერი საზღაური ან სარგებელი.საქმეში არსებული მასალებით ირკვევა, რომ შემოსავლების სამსახურის აუდიტის დეპარტამენტის 2017 წლის 23 მაისის N13637 ბრძანების საფუძველზე განხორციელდა შპს ----- გასვლითი საგადასახადო შემოწმება. შესამოწმებელი პერიოდი განისაზღვრა 2014 წლის პირველი იანვრიდან 2017 წლის პირველ იანვრამდე. შემოწმების შედეგებზე 2017 წლის 28 დეკემბერს შედგენილი იქნა საგადასახადო შემოწმების აქტი. შემოწმების აქტის საფუძველზე  აუდიტის  დეპარტამენტმა  2017  წლის  29  დეკემბერს  გამოსცა  N36114 ბრძანება „გადასახადების/გადასახდელების და საგადასახადო სანქციების თანხების დარიცხვის/შემცირების შესახებ და „საგადასახადო მოთხოვნა“ N094-431, რომლის მიხედვითაც საწარმოს დამატებით ბიუჯეტში გადასახდელად დაერიცხა სულ 407992 ლარი, მათ შორის ძირითადი გადასახადი 261280 ლარი, ჯარიმა 132776 ლარი და საურავი 13936 ლარი.
შემოსავლების სამსახურის დავების განხილვის საბჭომ განიხილა წარმოდგენილი საჩივარი და მიიჩნია, რომ სადავო საკითხთან დაკავშირებით იგი უნდა დაკმაყოფილდეს ნაწილობრივ შემდეგ გარემოებათა გამო:სადავო საკითხთან დაკავშირებით დავების განხილვის საბჭო მიუთითებს, რომ სსკ-ის 101-ე მუხლზე, რომლის თანახმად, ხელფასის სახით მიღებულ შემოსავლებს განეკუთვნება ფიზიკური პირის მიერ დაქირავებით მუშაობის შედეგად მიღებული ნებისმიერი საზღაური ან სარგებელი, მათ შორის, წინა სამუშაო ადგილიდან პენსიის ან სხვა სახით მიღებული შემოსავალი, ან შემოსავალი მომავალი სამუშაო ადგილიდან.საქართველოს ზოგადი ადმინისტრაციული კოდექსის 96–ე მუხლის თანახმად, ადმინისტრაციული ორგანო ვალდებულია ადმინისტრაციული წარმოებისას გამოიკვლიოს საქმისათვის ყველა მნიშვნელოვანი გარემოება და გადაწყვეტილება მიიღოს ამ გარემოებათა შეფასებისა და ურთიერთშეჯერების საფუძველზე, რისთვისაც ზოგადი ადმინისტრაციული კოდექსის 97–ე მუხლის თანახმად მტკიცებულებათა გამოკვლევისათვის უფლებამოსილია გამოითხოვოს საქმესთან დაკავშირებული დოკუმენტები, შეაგროვოს ცნობები, მოუსმინოს დაინტერესებულ მხარეებს, დანიშნოს ექსპერტიზა, გამოიყენოს აუცილებელი დოკუმენტები და აქტები, მტკიცებულებათა შეგროვების, გამოკვლევის და შეფასების მიზნით მიმართოს კანონმდებლობით გათვალისწინებულ სხვა ზომებს. სზაკ–ის 96–ე მუხლის მე–2 პუნქტის თანახმად დაუშვებელია, ინდივიდუალური ადმინისტრაციულ– სამართლებრივი აქტის გამოცემას საფუძვლად დაედოს ისეთი გარემოება ან ფაქტი, რომელიც კანონით დადგენილი წესით არ არის გამოკვლეული ადმინისტრაციული ორგანოს მიერ.საქმეზე არსებული მასალების შესწავლის შედეგად დავების განხილვის საბჭომ მიჩნია, რომ დაევალოს აუდიტის დეპარტამენტს შეისწავლოს გადამხდელის მიერ საჩივარში მოყვანილი გარემოებები და საქართველოს ფინანსთა მინისტრის 2005 წლის 5 აპრილის N220 ბრძანებით, ასევე სამივლინებო ხარჯების საგადასახადო შემოწმების შესახებ მეთოდური მითითების დამტკიცების შესახებ შემოსავლების სამსახურის 2011 წლის 6 სექტემბრის N7545 ბრძანებით  დადგენილი მოთხოვნების გათვალისწინებით განახორციელოს შემოწმების აქტით დარიცხული თანხების კორექტირება (შემცირება). აღნიშნულიდან გამომდინარე, საქართველოს საგადასახადო კოდექსის 304-ე მუხლის საფუძველზე,
ვ ბ რ ძ ა ნ ე ბ : 1. შპს ----- ს 2018  წლის  26  იანვრის  საჩივარი  სადავო საკითხთან დაკავშირებით დაკმაყოფილდეს ნაწილობრივ;2. დაევალოს აუდიტის დეპარტამენტს შეისწავლოს გადამხდელის მიერ საჩივარში მოყვანილი გარემოებები და საქართველოს ფინანსთა მინისტრის 2005 წლის 5 აპრილის N220 ბრძანებით, ასევე სამივლინებო ხარჯების საგადასახადო შემოწმების შესახებ მეთოდური მითითების დამტკიცების შესახებ  შემოსავლების  სამსახურის  2011  წლის  6  სექტემბრის  N7545  ბრძანებით  დადგენილი მოთხოვნების გათვალისწინებით განახორციელოს შემოწმების აქტით დარიცხული თანხების კორექტირება (შემცირება);3. დაევალოს აუდიტის დეპარტამენტს გადასახადის გადამხდელის პირადი აღრიცხვის ბარათზე შესაბამისი კორექტირების განხორციელება;4. დანარჩენ ნაწილში საჩივარი არ დაკმაყოფილდეს;5. ბრძანების გასაჩივრება შესაძლებელია საქართველოს ფინანსთა სამინისტროსთან არსებულ დავების განხილვის საბჭოში (მის: ქ. თბილისი, ვ. გორგასლის ქ. 16) ან სასამართლოში (მის. ქ. თბილისი, დავით აღმაშენებლის ხეივანი მე-12 კმ. N6), საქართველოს საგადასახადო კოდექსის XIV კარით დადგენილი წესის შესაბამისად მისი ჩაბარებიდან 20 დღის ვადაში.",1. შპს ----- ს 2018  წლის  26  იანვრის  საჩივარი  სადავო საკითხთან დაკავშირებით დაკმაყოფილდეს ნაწილობრივ;,საჩივრის ნაწილობრივ დაკმაყოფილების შესახებ,,,,,,,,,,,,,,,,,,,,,,,,,,,,,,,,
ბრძანება N 8730,მიღების თარიღი: 16 აპრილი 2018,დოკუმენტის #: 8730,დოკუმენტის ტიპი: შემოსავლების სამსახურის დავების გადაწყვეტილება,კატეგორია: საგადასახადო/საბაჟო დავა,https://infohub.rs.ge/ka/workspace/document/309b4758-6440-4b07-818d-f6e8111428ec,13 დეკემბერი 2022,"N 8730 16/04/2018


შპს -----(მის: ქ. -------)საჩივრის დაკმაყოფილებაზე უარის თქმის თაობაზე 

შემოსავლების სამსახურის დავების განხილვის საბჭომ 2018 წლის 29 მარტის სხდომაზე (ოქმი N29) განიხილა შპს ----- საჩივარი, შემოსავლების სამსახურის 2017 წლის 29 დეკემბრის N094-429 საგადასახადო მოთხოვნაში ასახული თანხების გაუქმების მოთხოვნით.N094-429 საგადასახადო მოთხოვნით, გადამხდელს ბიუჯეტის სასარგებლოდ გადასახდელი თანხა განესაზღვრა სულ: 167013.72 ლარით, მათ შორის ძირითადი გადასახადი - 12141 ლარი, ჯარიმა 121393 ლარი და საურავი - 33479.72 ლარი.
გადასახადის გადამხდელი სადავოდ ხდის შემოწმებით საწარმოს მიერ მის დამფუძნებელ პარტნიორებზე დივიდენდად თანხის გაცემის ხელფასად დაკვალიფიცირებას და აღნიშნული თანხების საშემოსავლო გადასახადით დაბეგვრას. ითხოვს შემოწმებით დარიცხული თანხების შემცირებას.
საქმეში არსებული მასალებით ირკვევა, რომ შემოსავლების სამსახურის აუდიტის დეპარტამენტის 2017 წლის 15 ნოემრბის №3051 ბრძანების საფუძველზე, ჩატარდა შპს ----- საგადასახადო შემოწმება. შემოწმების შედეგებზე 2017 წლის 28 დეკემბერს შედგენილ იქნა საგადასახადო შემოწმების შუალედური აქტი და გადამხდელს წარედგინა 2017 წლის 29 დეკემბრის N094-429 ,,საგადასახადო მოთხოვნა“. რომლის მიხედვითაც გადამხდელს ბიუჯეტის სასარგებლოდ გადასახდელად დაეკისრა სულ: 167013.72 ლარით, მათ შორის  ძირითადი გადასახადი - 12141 ლარი, ჯარიმა 121393 ლარი და საურავი - 33479.72 ლარი.
შემოსავლების სამსახურის დავების განხილვის საბჭომ განიხილა წარმოდგენილი საჩივარი და მიიჩნია, რომ იგი არ უნდა დაკმაყოფილდეს შემდეგ გარემოებათა გამო:შემოწმების აქტის მიხედვით დარიცხვა გამოწვეულია შემდეგი გარემოებებით:საზოგადოების ეკონომიკურ საქმიანობას წარმოადგენს მეტალის სამშენებლო მასალების (არმატურა) იმპორტი და საბითუმო ვაჭრობა ადგილობრივ ბაზარზე. საქმიანობის ადგილია იჯარით აღებული ფართი ქალაქ თბილისში. საზოგადოებას 2014 წლის საანგარიშო პერიოდში დივიდენდად აქვს დაკვალიფიცირებული და გადახდის წყაროსთან დაბეგრილი საწარმოდან გასული თანხები 1 294 860 ლარის ოდენობით.გადასახადის გადამხდელის მიერ წარმოდგენილ დოკუმენტაციაში არ არის დამფუძნებელთა კრების ოქმი, რომლის საფუძველზეც უნდა მომხდარიყო აღნიშნული თანხის დივიდენდად განხილვა. ასევე ვერ იქნა წარმოდგენილი დოკუმენტაცია, რომლის მიხედვითაც დადგინდება კონკრეტულად ვის მიერ იქნა გატანილი საწარმოდან გასული თანხა. აღნიშნულის გათვალისწინებით, შემოწმებით, სსკ-ის 73-ე მუხლის საფუძველზე, საწარმოდან დოკუმენტაციის გარეშე გადინებული ფულადი სახსრები ჩაითვალა ანგარიშვალდებული პირის მიერ მიღებულ ხელფასად და გაიზარდა ხელფასის სახით გამოსაქვითი ხარჯი (1294860*0.95/0.8=1537642). ასევე შემოწმებით, სსკ-ის 73-ე მუხლის საფუძველზე, საწარმოდან დოკუმენტაციის გარეშე გადინებული ფულადი სახსრები ჩაითვალა ანგარიშვალდებული პირის მიერ მიღებულ ხელფასად და და სსკ-ის 154-ე მუხლის მიხედვით დაიბეგრა საშემოსავლო გადასახადით (1294860*0.95/0.8=1537647). შესაბამისად 1294860 ლარით შემცირდა დაბეგრილი დივიდენდი.
შემოსავლების სამსახურის დავების განხილვის საბჭო მიუთითებს სსკ-ის 100-ე მუხლის შესაბაისად 1.რეზიდენტის ერთობლივი შემოსავალი შედგება საქართველოში არსებული წყაროდან და საქართველოს ფარგლების გარეთ მიღებული შემოსავლებისაგან. 2. არარეზიდენტის ერთობლივი შემოსავალი  შედგება  საქართველოში  არსებული  წყაროებიდან  მიღებული  შემოსავლებისაგან.  3.  ერთობლივ შემოსავალს განეკუთვნება ნებისმიერი ფორმით ან/და საქმიანობით მიღებული შემოსავალი, კერძოდ:ა) ხელფასის სახით მიღებული შემოსავლები;ბ) ეკონომიკური საქმიანობით მიღებული შემოსავლები, რომლებიც დაკავშირებული არ არის დაქირავებით მუშაობასთან;გ) სხვა შემოსავლები, რომლებიც დაკავშირებული არ არის დაქირავებით მუშაობასთან და ეკონომიკურ საქმიანობასთან.სსკ-ის 101-ე მუხლის შესაბამისად 1. ხელფასის სახით მიღებულ შემოსავლებს განეკუთვნება ფიზიკური პირის მიერ დაქირავებით მუშაობის შედეგად მიღებული ნებისმიერი საზღაური ან სარგებელი, მათ შორის, წინა სამუშაო ადგილიდან პენსიის ან სხვა სახით მიღებული შემოსავალი, ან შემოსავალი მომავალი სამუშაო ადგილიდან.სსკ-ის 102-ე მუხლის შესაბამისად 1. ეკონომიკური საქმიანობით მიღებულ შემოსავლებს განეკუთვნება: ა) საქონლის/მომსახურების მიწოდებით მიღებული შემოსავლები; ბ) აქტივების რეალიზაციით მიღებული ნამეტი შემოსავალი; გ) ეკონომიკური საქმიანობის შეზღუდვის ან/და საწარმოს დახურვის შედეგად მიღებული შემოსავლები; დ) ძირითად საშუალებათა რეალიზაციით მიღებული თანხები, ხოლო ძირითად საშუალებათა უსასყიდლოდ მიწოდებისას საბაზრო ღირებულება შემოსავალში შეიტანება ამ კოდექსის 111-ე მუხლის მე-7 ნაწილის მიხედვით; ე) კომპენსირებული გამოქვითვები ამ კოდექსის 146-ე მუხლის მიხედვით;ვ) პროცენტების სახით მიღებული შემოსავლები, გარდა ფიზიკური პირის მიერ ბანკებსა და სხვა საკრედიტო დაწესებულებებში დეპოზიტებსა და ანაბრებზე ფულადი სახსრების განთავსებიდან პროცენტის სახით მიღებული შემოსავლისა;ლ) სხვა ეკონომიკური საქმიანობით მიღებული შემოსავალი.2. საქონლის/მომსახურების უსასყიდლოდ მიწოდებისას ერთობლივ შემოსავალში ასახვას ექვემდებარება ამ საქონლის/მომსახურების საბაზრო ფასი. ეს არ ეხება იმ სარეკლამო საქონლის უსასყიდლოდ გავრცელებას, მათ შორის, საცალო რეალიზატორის მეშვეობით, რომელსაც დამოუკიდებელი სამომხმარებლო მახასიათებლები არ გააჩნია და ძირითადი საქონლის/მომსახურების მიწოდების განუყოფელი ნაწილია.სსკ-ის 105-ე მუხლის შესაბამისად 1. ერთობლივი შემოსავლიდან გამოიქვითება ყველა ხარჯი, რომელიც დაკავშირებულია მის მიღებასთან, გარდა იმ ხარჯებისა, რომლებიც ამ კოდექსის თანახმად გამოქვითვას არ ექვემდებარება.2. თუ ამ კოდექსით სხვა რამ არ არის გათვალისწინებული, ყველა ხარჯი დოკუმენტურად უნდა იყოს დადასტურებული.საქართველოს საგადასახადო კოდექსის 73-ე მუხლის მე-5 ნაწილის თანახმად: „საგადასახადო ორგანოს უფლება აქვს, პირის საგადასახადო ვალდებულებები განსაზღვროს არაპირდაპირი მეთოდების გამოყენებით (აქტივების სიდიდის, საოპერაციო შემოსავლებისა და ხარჯების, პირის შესახებ ინფორმაციის მისი საქმიანობის სხვა საგადასახადო პერიოდთან ან სხვა ამგვარი გადასახადის გადამხდელის შესახებ მონაცემების შედარების, აგრეთვე სხვა მსგავსი ინფორმაციის ანალიზის საფუძველზე):ა) თუ პირს არ აქვს სააღრიცხვო დოკუმენტაცია ან სააღრიცხვო დოკუმენტაციით შეუძლებელია დაბეგვრის ობიექტის დადგენა;ბ) ერთზე მეტი ნებისმიერი შემდეგი პირობის არსებობისას: ბ.ა) ადგილი აქვს პირის აქტივების დაუსაბუთებელ ზრდას;ბ.ბ) პირის მიერ ეკონომიკური საქმიანობისათვის ან/და პირადი მოხმარებისათვის გაწეული ხარჯი აჭარბებს დეკლარირებულ შემოსავალს;ბ.გ) მიმდინარე საგადასახადო კონტროლის ღონისძიებების შედეგად საგადასახადო შემოწმების დაწყების შესახებ საგადასახადო ორგანოს შესაბამისი აქტით განსაზღვრულ შესამოწმებელ პერიოდში გამოვლენილია პირის მიერ საგადასახადო სამართალდარღვევის ჩადენის ორი ან მეტი შემთხვევა;ბ.დ) გამოვლენილია არსებითი სხვაობა პირის მიერ საგადასახადო ორგანოსათვის წარდგენილ/დეკლარირებულ დაბეგვრასთან დაკავშირებულ მონაცემებსა და მიმდინარე საგადასახადო კონტროლის ღონისძიებების შედეგად ფაქტობრივად დაფიქსირებულ მონაცემებს შორის.“დავების განხილვის საბჭო მიუთითებს, სსკ-ის მე-8 მუხლის მე-12 ნაწილზე, რომლის მიხედვით დივიდენდი არის აქციონერის/მოწილის მიერ აქციებიდან ან უფლებებიდან (წილებიდან) მიღებული (მათ შორის, პრივილეგირებული აქციებიდან პროცენტის სახით მიღებული) ნებისმიერი შემოსავალი, რომელიც მიიღება მოგების განაწილების შედეგად და რომელსაც იურიდიული პირი უნაწილებს აქციონერებს/მონაწილეებს, კაპიტალში მათი კუთვნილი აქციების/უფლებების პროპორციულად ან პროპორციის დაცვის გარეშე.ხოლო 154-ე მუხლის „ზ“ და „გ“ ქვეპუნქტის მიხედვით გადახდის წყაროსთან გადასახადის დაკავება ევალება საგადასახადო აგენტს: რომელიც არის იურიდიული პირი, საწარმო/ორგანიზაცია ან მეწარმე ფიზიკური პირი, კერძოდ: რეზიდენტი საწარმო, რომელიც პირს უხდის დივიდენდს; პირი, რომელიც იხდის ამ კოდექსის 134-ე მუხლის პირველი ნაწილით განსაზღვრულ გადასახდელებს.სსკ-ის 270-ე მუხლის მიხედვით: 1. საგადასახადო სანქცია არის პასუხისმგებლობის ზომა ჩადენილი საგადასახადო სამართალდარღვევისათვის. 2. საგადასახადო სანქცია გამოიყენება გაფრთხილების, საურავის, ფულადი ჯარიმის, საქართველოს საბაჟო საზღვრის გადაკვეთის უფლების შეზღუდვის, სამართალდარღვევის საქონლის ან/და სატრანსპორტო საშუალების უსასყიდლოდ ჩამორთმევის სახით, ამ კოდექსით გათვალისწინებულ შემთხვევებში.სსკ-ის მუხლი 272-ე მუხლის პირველი ნაწილის შესაბამისად, საურავი არის საგადასახადო სანქცია, რომელიც პირს ეკისრება საგადასახადო კანონმდებლობით დადგენილ ვადაში გადასახადის გადასახდელი თანხის გადაუხდელობისათვის. ამავე მუხლის მეორე ნაწილის თანახმად, საურავის დარიცხვა ხორციელდება გადასახადის თანხაზე და იგი არის სხვაობა გადასახადის გადამხდელის შეუსრულებელ საგადასახადო ვალდებულებებსა და ზედმეტად გადახდილი გადასახადების ჯამს შორის. თუ ამ კოდექსით სხვა რამ არ არის დადგენილი, საურავის დარიცხვა ხორციელდება თითოეული ვადაგადაცილებული დღისათვის: ა) იმპორტის გადასახდელებზე − ვალდებულების წარმოქმნის მე-4 დღიდან; ბ) ყველა სხვა შემთხვევაში − შესაბამისი ვალდებულების წარმოქმნის მომდევნო დღიდან.ამავე მუხლის მე-4 ნაწილის შესაბამისად, საურავი შეადგენს გადაუხდელი გადასახადის თანხის 0,06 პროცენტს ყოველი ვადაგადაცილებული დღისათვის. გადასახადის გადახდის ვადის გადაცილების შემთხვევაში გადასახადის გადახდის დღე ითვლება ვადაგადაცილებულ დღედ.სსკ-ის 275-ე მუხლის შესაბამისად: 1. პირის მიერ საგადასახადო დეკლარაციაში/გაანგარიშებაში გადასახადის თანხის შემცირება, თუ იგი გამოწვეულია საგადასახადო კონტროლის განმახორციელებელი ორგანოს მიერ პირის საგადასახადო ვალდებულების წარმოშობის მომენტის (პერიოდის) შეცვლით, − იწვევს პირის დაჯარიმებას შემცირებული გადასახადის თანხის 10 პროცენტის ოდენობით.2. პირის მიერ საგადასახადო დეკლარაციაში/გაანგარიშებაში გადასახადის თანხის შემცირება, გარდა ამ მუხლის პირველი ნაწილით გათვალისწინებული შემთხვევისა, იწვევს პირის დაჯარიმებას შემცირებული გადასახადის თანხის 50 პროცენტის ოდენობით.აღსანიშნავია, რომ  2017 წლის 10 ნოემბირს N8482/1504-03 წერილით, საწარმოს სახელმწიფო ბიუჯეტთან ანგარიშსწორების სისწორის დადგენის მიზნით, შემოსავლების სამსახურს გამოეგზავნა საქართველოს ფინანსთა სამინისტროს საგამოძიებო სამსახურის 2017 წლის 10 ნოემბირს დადგენილება სისხლის სამართლის N092121017004 საქმეზე  შპს ----- რევიზიის ჩატარების თაობაზე. (შესამოწმებელი პერიოდი განისაზღრა 2014 წლის 01 იანვრიდან 2017 წლის 10 ნოემბრამდე).საქმეზე არსებული მაალებითა და ზემოაღნიშნულ ნორმებზე დაყრდნობით შემოსავლების სამსახურის დავების განხილვის საბჭომ მიიჩნია, რომ ვინაიდან გადასახადის გადამხდელის მიერ შემმოწმებილსსათვის ვერ იქნა წარმოდგენილი  დამფუძნებელთა  კრების  ოქმი, რომლის საფუძველზეც უნდა მომხდარიყო სადავო  თანხის დივიდენდად განხილვა. ასევე ვერ იქნა წარმოდგენილი დოკუმენტაცია, რომლის მიხედვითაც დადგინდებოდა კონკრეტულად ვის მიერ იქნა გატანილი საწარმოდან გასული თანხები, შემოწმებით, სსკ-ის 73-ე მუხლის საფუძველზე, საწარმოდან დოკუმენტაციის გარეშე გადინებული ფულადი სახსრების ანგარიშვალდებული პირის მიერ  მიღებულ  ხელფასად მიჩნევა და  სსკ-ის  154-ე  მუხლის მიხედვით საშემოსავლო გადასახადით დაბეგვრა საბჭომ მართლზომიერად მიიჩნია.ამდენად, შემოსავლების სამსახურის დავების განხილვის საბჭომ მიიჩნია, რომ საგადასახადო შემოწმების აქტით დარიცხული თანხები კანონშესაბამისია და არ არსებობს 2017 წლის 29 დეკემბრის N094-429 საგადასახადო მოთხოვნაში ასახული თანხების გაუქმების სამართლებრივი საფუძველი.
საქართველოს საგადასახადო კოდექსის 304-ე მუხლის საფუძველზე,
ვ ბ რ ძ ა ნ ე ბ :
1.  შპს ----- ს საჩივარი არ დაკმაყოფილდეს;2.	აღნიშნული გადაწყვეტილება შეიძლება გასაჩივრდეს საქართველოს ფინანსთა სამინისტროსთან არსებულ დავების განხილვის საბჭოში (მის: ქ. თბილისი, ვ. გორგასლის ქ. N16) ან სასამართლოში (მის: ქ. თბილისი, დავით აღმაშენებლის ხეივანი N6, მე-12 კილომეტრი), საქართველოს საგადასახადო კოდექსის XIV კარით დადგენილი წესის შესაბამისად, ამ გადაწყვეტილების ჩაბარებიდან 20 კალენდარული დღის ვადაში.","სსკ-ის 102-ე მუხლის შესაბამისად 1. ეკონომიკური საქმიანობით მიღებულ შემოსავლებს განეკუთვნება: ა) საქონლის/მომსახურების მიწოდებით მიღებული შემოსავლები; ბ) აქტივების რეალიზაციით მიღებული ნამეტი შემოსავალი; გ) ეკონომიკური საქმიანობის შეზღუდვის ან/და საწარმოს დახურვის შედეგად მიღებული შემოსავლები; დ) ძირითად საშუალებათა რეალიზაციით მიღებული თანხები, ხოლო ძირითად საშუალებათა უსასყიდლოდ მიწოდებისას საბაზრო ღირებულება შემოსავალში შეიტანება ამ კოდექსის 111-ე მუხლის მე-7 ნაწილის მიხედვით; ე) კომპენსირებული გამოქვითვები ამ კოდექსის 146-ე მუხლის მიხედვით;",უარის თქმის თაობაზე,"სსკ-ის 270-ე მუხლის მიხედვით: 1. საგადასახადო სანქცია არის პასუხისმგებლობის ზომა ჩადენილი საგადასახადო სამართალდარღვევისათვის. 2. საგადასახადო სანქცია გამოიყენება გაფრთხილების, საურავის, ფულადი ჯარიმის, საქართველოს საბაჟო საზღვრის გადაკვეთის უფლების შეზღუდვის, სამართალდარღვევის საქონლის ან/და სატრანსპორტო საშუალების უსასყიდლოდ ჩამორთმევის სახით, ამ კოდექსით გათვალისწინებულ შემთხვევებში.",,,,,,,,,,,,,,,,,,,,,,,,,,,,,,,
ბრძანება N 31184,მიღების თარიღი: 16 ოქტომბერი 2020,დოკუმენტის #: 31184,დოკუმენტის ტიპი: შემოსავლების სამსახურის დავების გადაწყვეტილება,კატეგორია: საგადასახადო/საბაჟო დავა,https://infohub.rs.ge/ka/workspace/document/fb0c46c6-e77e-4aec-967c-a55dff59e572,13 დეკემბერი 2022,"ბრძანება N 3118416/10/2020

შპს ----------- (მის.: ------- )სადავო საკითხთან დაკავშირებით საჩივრის დაკმაყოფილებაზე უარის თქმის თაობაზე

შემოსავლების სამსახურმა დავების განხილვის საბჭოს  2020 წლის  09 ოქტომბერს გამართულ სხდომაზე (ოქმი №75) განიხილა შპს ----- ს 2020 წლის 22 ივლისის №52122/1/2020 საჩივარი, შემოსავლების სამსახურის აუდიტის დეპარტამენტის 2020 წლის 02 ივლისის №006-285 საგადასახადო მოთხოვნასთან დაკავშირებით.
გადასახადის გადამხდელის პოზიცია:არ ეთანხმება შპს ----- ს მიერ გაწეული მომსახურების დღგ-ით დაბეგვრას და წარმოდგენილ საჩივარში განმარტავს, რომ საქართველოს საგადასახადო კოდექსის 166-ე მუხლის პირველი ნაწილის „დ.ბ“ და „დ.ე“ ქვეპუნქტების თანახმად, დღგ-ის მიზნებისთვის კომპანიის მიერ არარეზიდენტ კომპანიაზე გაწეული სარეკლამო, საკონსულტაციო მონაცემებისა და ინფორმაციის შეგროვება-მიწოდების და სხვა მსგავსი მომსახურების გაწევა არ წარმოადგენს საქართველოს ტერიტორიაზე გაწეულ მომსახურებას და შესაბამისად არ იბეგრება დღგ-ით. ამასთან, საქართველოს საგადასახადო კოდექსის 174-ე მუხლის მე-2 ნაწილის „ა.გ“ ქვეპუნქტის შესაბამისად, გადამხდელს უფლება აქვს საქართველოს ტერიტორიის გარეთ გაწეული მომსახურებისთვის შეძენილ საქონელზე/მომსახურებაზე მიიღოს დღგ-ის ჩათვლა. აღნიშნულის გათვალისწინებით, ითხოვს საგადასახადო მოთხოვნის კორექტირებას.
ფაქტობრივი გარემოებები:საქმეში არსებული მასალებით ირკვევა, რომ შემოსავლების სამსახურის აუდიტის დეპარტამენტის 2019 წლის 05 ნოემბრის №38414 და 2020 წლის 27 იანვრის №1518 ბრძანებების საფუძველზე განხორციელდა შპს ----- ს საქმიანობის კამერალური საგადასახადო შემოწმება ბიუჯეტთან ანგარიშსწორების სისწორის დადგენის მიზნით დღგ-ის ნაწილში. შესამოწმებელი პერიოდი განისაზღვრა 2019 წლის 01 აპრილიდან 2020 წლის 01 იანვრამდე. შემოწმების შედეგებზე, 2020 წლის  26 ივნისს შედგა საგადასახადო შემოწმების აქტი, რომლის საფუძველზეც გამოიცა 2020 წლის 02 ივლისის №17968 ბრძანება და გადამხდელს წარედგინა ამავე თარიღის №006-285 საგადასახადო მოთხოვნა. გადასახადის გადამხდელის საგადასახადო ვალდებულება დამატებით განისაზღვრა სულ 411 403 ლარით, მათ შორის: გადასახადი 253 986 ლარი, ჯარიმა 126 993 ლარი. ხოლო, საურავი 30 424 ლარი.
საგადასახადო შემოწმების აქტის მიხედვით, სადავო საკითხთან დაკავშირებით დარიცხვა გამოწვეულია შემდეგი გარემოებებით:საწარმოს ახორციელებს დამკვეთი არარეზიდენტი კომპანიის პროდუქციის - მედიკამენტების შესახებ ინფორმირებას სამედიცინო სფეროში საქართველოს მთელ ტერიტორიაზე. მომსახურების ყოველთვიური გადასახადი შეადგენს 40 000 ევროს, თანხა განსაზღვრულია წინასწარ და მისი ოდენობა არაა დამოკიდებული საწარმოს მიერ შესრულებულ სამუშაოებზე. გადამხდელის განმარტებით, მის საქმიანობას წარმოადგენს მედიკამენტების შესახებ ინფორმაციის გავრცელება, როგორც სამედიცინო პერსონალისთვის, ასევე საბოლოო მომხმარებლისთვის სემინარების, კონფერენციების, პრეზენტაციების ორგანიზებით; ლოგოიანი ბროშურებისა და ბუკლეტების დარიგებით სამედიცინო დაწესებულებებში, აფთიაქებში და ა.შ.; ასევე, სპონსორობის გზით. გადამხდელის მხრიდან წარმოდგენილია კლინიკების ჩამონათვალი, სადაც საწარმო ახდენს დამკვეთის მედიკამენტების პრეზენტაციას და კორპორატიული იმიჯის წარმოჩენის მიზნით საინფორმაციო მასალების გავრცელებას.საწარმო აღნიშნულს განიხილავს საქართველოს საგადასახადო კოდექსის 166-ე მუხლის პირველი ნაწილის ""დ.ბ"" და „დ.ე“ ქვეპუნქტების თანახმად არარეზიდენტ კომპანიაზე გაწეულ მომსახურებად, რომლის მიხედვითაც მომსახურების გაწევის ადგილად არ მიიჩნევა საქართველო და შესაბამისად არ ბეგრავს დამატებული ღირებულების გადასახადით, ასევე საქართველოს საგადასახადო კოდექსის 174-ე მუხლის მე-2 ნაწილის „ა.გ“ ქვეპუნქტის მიხედვით საქართველოს ტერიტორიის გარეთ გაწეული მომსახურებისთვის შესყიდული საქონლის/მომსახურების დღგ-ზე იყენებს ჩათვლის უფლებას.გადამხდელის მხრიდან ვერ იქნა წარმოდგენილი ყოველთვიური შემოსავლის (არანაკლებ 40 000 ევრო) დეტალური გაშიფრა ღონისძიებების მიხედვით, თუმცა წარმოდგენილი იქნა ხარჯების გაშიფვრა, რომლის მიხედვითაც ირკვევა, რომ მის მიერ გაწეული ხარჯის დიდი ნაწილი მოდის სწორედ იმ პირებზე გაცემულ ხელფასზე, რომლებიც ახორციელებენ ვიზიტებს სამედიცინო კომპანიებში, ასევე, ხარჯის მხრივ მნიშვნელოვანი წილი უკავია „კლინიკებში შესვლისა და პრეზენტაციების ხარჯს“, აღნიშნული ხარჯის არსი მდგომარეობს იმაში, რომ კლინიკებს კომპანია უხდის ფულს, რათა მათ თანამშრომლებს მიეცეთ კლინიკებში შესვლისა და პრეპარატების შესახებ ინფორმაციის მიწოდება/გავრცელების უფლება.რაც შეეხება გადამხდელის პოზიციას საქართველოს საგადასახადო კოდექსის 166-ე მუხლის პირველი ნაწილის „დ.ბ“ პუნქტით განსაზღვრულ მომსახურების გაწევასთან დაკავშირებით, წარმოადგენილი დოკუმენტაციით, ვერ მტკიცდება კომპანიის მიერ მომსახურების ამ სახეობის გაწევის ფაქტი (საკონსულტაციო, იურიდიული, საბუღალტრო, საინჟინერინგო და სხვა მსგავსი მომსახურების გაწევა, აგრეთვე მონაცემებისა და ინფორმაციის დამუშავება-მიწოდება), მით უმეტეს იმ პირობებში, როცა საწარმო ვერ ახერხებს შემოწმებისთვის შემოსავლების გაშიფვრას მისი სახეობის მიხევით, რადგან კომპანია მას იღებს როგორც მოცემულობას და ის არ იცვლება შესრულებული სამუშაოს მიხედვით.გადამხდელი ახორციელებს პროდუქციისა და კორპორატიული იმიჯის რეკლამას ჯანმრთელობის დაცვის პერსონალთან ვიზიტის გზით; მედიკამენტების შესახებ ჯანდაცვის პერსონალისათვის კონფერენციებისა და სემინარების ორგანიზებას; პროდუქციასთან დაკავშირებით ინფორმაციის გავრცელებისათვის ოფისში ცხელი ხაზის მოწყობას; პროდუქციის რეკლამირების მიზნით ექიმებთან შეხვედრების ორგანიზებას; დამკვეთის მედიკამენტების რეკლამის ან კორპორატიული იმიჯის წარმოჩენის მიზნით, საინფორმაციო და სარეკლამო მასალების გავრცელებას და მონაცემთა შეკრებას საქართველოში არსებული სამედიცინო დაწესებულებების ან ორგანიზაციის მიერ ორგანიზებულ სამედიცინო კორფერენციებზე/ღონისძიებებზე, რაც საქართველოს საგადასახადო კოდექსის 166-ე მუხლის პირველის ნაწილის „ე“ ქვეპუნქტის თანახმად, წარმოადგენს საქართველოს ტერიტორიაზე გაწეულ მომსახურებას და მომსახურების გაწევის ადგილი საქართველოა.ყოველივე ზემოაღნიშნული ფაქტობრივი გარემოებების გათვალისწინებით, შემოწმებით, შპს ----- ს მიერ გაწეული მომსახურება დაექვემდებარა დამატებული ღირებულების გადასახადით დაბეგვრას, გადამხდელს დაერიცხა გადასახადი და ჯარიმა.
შემოსავლების სამსახურმა განიხილა წარმოდგენილი საჩივარი და მიიჩნია, რომ სადავო საკითხთან დაკავშირებით საჩივარი არ უნდა დაკმაყოფილდეს შემდეგ გარემოებათა გამო:საჩივარშიწარმოდგენილ სადავო საკითხთან დაკავშირებით, შემოსავლების სამსახური მიუთითებს, საქართველოს საგადასახადო კოდექსის 161-ე მუხლის პირველ ნაწილზე, რომლის თანახმად, დრგ-ით დასაბეგრი ოპერაციაა საქართველოს ტერიტორიაზე ეკონომიკური საქმიანობის ფარგლებში საქონლის მიწოდება ან/და მომსახურების გაწევა.საქართველოს საგადასახადო კოდექსის 166-ე მუხლის პირველი ნაწილის „დ“ ქვეპუნქტი განსაზღვრავს, რომ დღგ-ის მიზნებისათვის თუ მომსახურების მიმღებ და გამწევ პირთა ადგილსამყოფელი სხვადასხვა სახელმწიფოშია, მომსახურების გაწევის ადგილად ითვლება მომსახურების მიმღები პირის რეგისტრაციის ადგილი ან მართვის ადგილი ან მომსახურების მიმღები პირის მუდმივი დაწესებულების ადგილმდებარეობა, თუ მომსახურება დაკავშირებულია უშუალოდ ამ მუდმივ დაწესებულებასთან.აღნიშნული დებულება ამავე ნაწილის „დ.ბ“ და  „დ.ე“ ქვეპუნქტების შესაბამისად, გამოიყენება ისეთი სახის მომსახურების მიმართ როგორიცაა:დ.ბ) საკონსულტაციო, იურიდიული, საბუღალტრო, საინჟინერინგო და სხვა მსგავსი მომსახურების გაწევა, აგრეთვე მონაცემებისა და ინფორმაციის დამუშავება-მიწოდება;დ.ე) სარეკლამო მომსახურება.ამავე მუხლის პირველი ნაწილის „ე“ ქვეპუნქტი ადგენს, რომ დღგ-ის მიზნებისათვის მომსახურების გაწევის ადგილად ითვლება იმ პირის ეკონომიკური საქმიანობის განხორციელების ადგილი, რომელიც ეწევა მომსახურებას.საქართველოს საგადასახადო კოდექსის მე-2 მუხლის მე-6 ნაწილის თანახმად, საგადასახადო ურთიერთობების რეგულირებისას ამ კოდექსში გამოყენებული საქართველოს კანონმდებლობის ტერმინები და ცნებები გამოიყენება იმ მნიშვნელობით, რა მნიშვნელობაც მათ აქვთ შესაბამის კანონმდებლობაში, თუ ამ კოდექსით სხვა რამ არ არის გათვალისწინებული.„რეკლამის შესახებ“ საქართველოს კანონის მე-3 მუხლის პირველი ნაწილის თანახმად, რეკლამა არის საქონელზე, მომსახურებასა და სამუშაოზე (შემდგომში – საქონელზე), ფიზიკურ და იურიდიულ პირებზე, იდეასა და წამოწყებაზე ნებისმიერი საშუალებითა და ფორმით გავრცელებული ინფორმაცია, რომელიც გამიზნულია პირთა განუსაზღვრელი წრისათვის და ემსახურება ფიზიკური და იურიდიული პირების, საქონლის, იდეისა და წამოწყებისადმი ინტერესის ფორმირებასა და შენარჩუნებას, აგრეთვე საქონლის, იდეისა და წამოწყების რეალიზაციის ხელშეწყობას.ამავე კანონის მე-9 მუხლის პირველი ნაწილისა და “წამლისა და ფარმაცევტული საქმიანობის შესახებ” საქართველოს კანონის 113  მუხლის პირველი ნაწილის თანახმად, ფარმაცევტული პროდუქტის რეკლამა ნიშნავს მასობრივი ინფორმაციის საშუალებით, ასევე ნებისმიერი ფორმითა და საშუალებით გავრცელებულ მასალას ან/და ქმედებას, რომლის მიზანია ამ ფარმაცევტული პროდუქტის გამოყენების პროპაგანდა.„რეკლამის შესახებ“ საქართველოს კანონის მე-9 მუხლის მე-9 ნაწილის „დ“ და „ე“ ქვეპუნქტებისა და “წამლისა და ფარმაცევტული საქმიანობის შესახებ” საქართველოს კანონის 113 მუხლის მე-9 ნაწილის „დ“ და „ე“ ქვეპუნქტებისა თანახმად, რეკლამად არ ითვლება:დ) ჯანმრთელობასთან ან/და დაავადებასთან დაკავშირებული ინფორმაცია, თუ მასში არ არის პირდაპირი ან ირიბი მითითება ფარმაცევტული პროდუქტით მკურნალობაზე;ე)  სამედიცინო  და  ფარმაცევტული  დარგის  მუშაკებისათვის  ფარმაცევტული  პროდუქტის შესახებ ინფორმაციის მიწოდება.დადგენილ ფაქტობრივ გარემოებას წარმოადგენს, რომ გადამხდელის მხრიდან ვერ იქნა წარმოდგენილი ყოველთვიური შემოსავლის (არანაკლებ 40 000 ევრო) დეტალური გაშიფრა ღონისძიებების მიხედვით, თუმცა წარმოდგენილი იქნა ხარჯების გაშიფრა, რომლის მიხედვითაც ირკვევა, რომ მის მიერ გაწეული ხარჯის დიდი ნაწილი მოდის სწორედ იმ პირებზე გაცემულ ხელფასზე, რომლებიც ახორციელებენ ვიზიტებს სამედიცინო კომპანიებში, ასევე, ხარჯის მხრივ მნიშვნელოვანი წილი უკავია „კლინიკებში შესვლისა და პერეზენტაციების ხარჯს“. აღნიშნული ხარჯის არსი მდგომარეობს იმაში, რომ კლინიკებს კომპანია უხდის ფულს, რათა მათ თანამშრომლებს მიეცეთ კლინიკებში შესვლისა და პრეპარატების შესახებ ინფორმაციის მიწოდება/გავრცელების უფლება.საქმეში არსებული მასალებით და დავის წარმოების პროცესში მომჩივანის მიერ წარმოდგენილი მტკიცებულებებით ვერ დასტურდება საწარმოს მიერ საქართველოს საგადასახადო კოდექსის 166-ე მუხლის პირველი ნაწილის „დ“ ქვეპუნქტით განსაზღვრული მომსახურების გაწევის ფაქტი. ამასთან, დადგენილია რომ საწარმო შემოსავალს იღებს როგორც მოცემულობას და ის არ იცვლება გაწეული მომსახურების მიხედვით. შესაბამისად, გაწეული მომსახურების განხორციელების ადგილი დღგ-ის მიზნებისთვის, საქართველოს საგადასახადო კოდექსის 166-ე მუხლის პირველი ნაწილის „ე“ ქვეპუნქტის თანახმად, არის მომსახურების გამწევი პირის ეკონომიკური  საქმიანობის განხორციელების ადგილი, კერძოდ, საქართველოს ტერიტორია.ყოველივე ზემოაღნიშნულის გათვალისწინებით, შემოსავლების სამსახურმა მიიჩნია, რომ შემოწმებით მართლზომიერად განხორციელდა შპს ----- ს მიერ არარეზიდენტი პირისთვის გაწეული მომსახურების დღგ-ით დაბეგვრა. შესაბამისად, საგადასახადო ორგანოს მიერ საგადასახადო ვალდებულებები განსაზღვრულია საგადასახადო კანონმდებლობის შესაბამისად და არ არსებობს აღნიშნულ სადავო საკითხში საჩივრის დაკმაყოფილების სამართლებრივი საფუძველი.  საქართველოს საგადასახადო კოდექსის 304-ე მუხლის საფუძველზე,  ვ ბ რ ძ ა ნ ე ბ : 1. შპს ----- ს საჩივარი სადავო საკითხთან დაკავშირებით არ დაკმაყოფილდეს;2. აღნიშნული გადაწყვეტილება შეიძლება გასაჩივრდეს საქართველოს ფინანსთა სამინისტროსთან არსებულ დავების განხილვის საბჭოში (მის.: ქ. თბილისი, ვახტანგ გორგასლის ქ. №16) ან სასამართლოში (მის.: ქ. თბილისი, დავით აღმაშენებლის ხეივანი №64), საქართველოს საგადასახადო კოდექსის XIV კარით დადგენილი წესის შესაბამისად, ამ გადაწყვეტილების ჩაბარებიდან 20 კალენდარული დღის ვადაში.","საქართველოს საგადასახადო კოდექსის 166-ე მუხლის პირველი ნაწილის „დ“ ქვეპუნქტი განსაზღვრავს, რომ დღგ-ის მიზნებისათვის თუ მომსახურების მიმღებ და გამწევ პირთა ადგილსამყოფელი სხვადასხვა სახელმწიფოშია, მომსახურების გაწევის ადგილად ითვლება მომსახურების მიმღები პირის რეგისტრაციის ადგილი ან მართვის ადგილი ან მომსახურების მიმღები პირის მუდმივი დაწესებულების ადგილმდებარეობა, თუ მომსახურება დაკავშირებულია უშუალოდ ამ მუდმივ დაწესებულებასთან.",,,,,,,,,,,,,,,,,,,,,,,,,,,,,,,,,
ბრძანება N 7884,მიღების თარიღი: 28 მარტი 2019,დოკუმენტის #: 7884,დოკუმენტის ტიპი: შემოსავლების სამსახურის დავების გადაწყვეტილება,კატეგორია: საგადასახადო/საბაჟო დავა,https://infohub.rs.ge/ka/workspace/document/94f00881-65fe-4acf-8037-90fd0f3ee463,13 დეკემბერი 2022,"","დავების განხილვის საბჭო მიუთითებს, რომ გადასახადის გადამხდელთან მიმოწერის წესს ადგენს საგადასახადო კოდექსის 44-ე მუხლი. ამასთან, საჯარო ფორმით კომუნიკაციის წესს განსაზღვრავს „გადასახადების ადმინისტრირების შესახებ“ საქართველოს ფინანსთა მინისტრის 2010 წლის 31 დეკემბრის №996 ბრძანების IV თავი. მოცემულ შემთხვევაში საქმეზე დადგენილი ფაქტობრივი გარემოებებიდან გამომდინარე დასტურდება, რომ 2017 წლის 27 ნოემბრის №024-143 ,,საგადასახადო მოთხოვნა’’ გადამდელს ფოსტის მეშვეობით გაეგზავნა ორჯერ ადმინისტრაციული ორგანოს მიერ მითითებულ არასრულ მისამართზე (ქ. -----). შესაბამისად, გაგზავნილ მისამართზე ჩაუბარებელი სახით უკან დაბრუნებული საგადასახადო მოთხოვნა არ ქმნიდა საგადასახადო კოდექსის 44-ე მუხლის მე-10 ნაწილის საფუძველზე მისი საჯაროდ გავრცელების საფუძველს, ასევე, ამავე მუხლის მე-7 ნაწილით გათვალისწინებული წესით ჩაბარებულად და საგადასახადო კოდექსის მე-8 მუხლის მე-5 ნაწილის „ბ“ ქვეპუნქტის შესაბამისად საგადასახადო მოთხოვნით გათვალისწინებული საგადასახადო დავალიანების აღიარებულად მიჩნევის საფუძველს.",საჩივრის ნაწილობრივ დაკმაყოფილების თაობაზე,სსკ-ს 96-ე მუხლის შესაბამისად მოგების გადასახადის გადამხდელია:ა) რეზიდენტი საწარმო;,,,,,,,,,,,,,,,,,,,,,,,,,,,,,,,
,,,,,,,,,,,,,,,,,,,,,,,,,,,,,,,,,,,,,,,,,
,,,,,,,,,,,,,,,,,,,,,,,,,,,,,,,,,,,,,,,,,
,,,,,,,,,,,,,,,,,,,,,,,,,,,,,,,,,,,,,,,,,
,,,,,,,,,,,,,,,,,,,,,,,,,,,,,,,,,,,,,,,,,
,,,,,,,,,,,,,,,,,,,,,,,,,,,,,,,,,,,,,,,,,
,,,,,,,,,,,,,,,,,,,,,,,,,,,,,,,,,,,,,,,,,
,,,,,,,,,,,,,,,,,,,,,,,,,,,,,,,,,,,,,,,,,
,,,,,,,,,,,,,,,,,,,,,,,,,,,,,,,,,,,,,,,,,
,,,,,,,,,,,,,,,,,,,,,,,,,,,,,,,,,,,,,,,,,
,,,,,,,,,,,,,,,,,,,,,,,,,,,,,,,,,,,,,,,,,
,,,,,,,,,,,,,,,,,,,,,,,,,,,,,,,,,,,,,,,,,
,,,,,,,,,,,,,,,,,,,,,,,,,,,,,,,,,,,,,,,,,
,,,,,,,,,,,,,,,,,,,,,,,,,,,,,,,,,,,,,,,,,
,,,,,,,,,,,,,,,,,,,,,,,,,,,,,,,,,,,,,,,,,
,,,,,,,,,,,,,,,,,,,,,,,,,,,,,,,,,,,,,,,,,
,,,,,,,,,,,,,,,,,,,,,,,,,,,,,,,,,,,,,,,,,
,,,,,,,,,,,,,,,,,,,,,,,,,,,,,,,,,,,,,,,,,
